date,gas_price,month,cpi,gas_price_adjusted
1993-01-04,1.065,1993-01,142.8,2.442191176470588
1993-01-11,1.066,1993-01,142.8,2.44448431372549
1993-01-18,1.061,1993-01,142.8,2.43301862745098
1993-01-25,1.055,1993-01,142.8,2.4192598039215683
1993-02-01,1.055,1993-02,143.1,2.414187980433263
1993-02-08,1.062,1993-02,143.1,2.430206289308176
1993-02-15,1.053,1993-02,143.1,2.409611320754717
1993-02-22,1.047,1993-02,143.1,2.395881341719077
1993-03-01,1.042,1993-03,143.3,2.3811117934403345
1993-03-08,1.048,1993-03,143.3,2.394822609909281
1993-03-15,1.058,1993-03,143.3,2.417673970690858
1993-03-22,1.056,1993-03,143.3,2.4131036985345427
1993-03-29,1.057,1993-03,143.3,2.4153888346127
1993-04-05,1.068,1993-04,143.8,2.4320394993045897
1993-04-12,1.079,1993-04,143.8,2.45708859527121
1993-04-19,1.079,1993-04,143.8,2.45708859527121
1993-04-26,1.086,1993-04,143.8,2.47302892906815
1993-05-03,1.086,1993-05,144.2,2.466168932038835
1993-05-10,1.097,1993-05,144.2,2.49114854368932
1993-05-17,1.106,1993-05,144.2,2.5115864077669903
1993-05-24,1.106,1993-05,144.2,2.5115864077669903
1993-05-31,1.107,1993-05,144.2,2.5138572815533977
1993-06-07,1.104,1993-06,144.3,2.5053072765072764
1993-06-14,1.101,1993-06,144.3,2.498499376299376
1993-06-21,1.095,1993-06,144.3,2.4848835758835754
1993-06-28,1.089,1993-06,144.3,2.471267775467775
1993-07-05,1.086,1993-07,144.5,2.461048858131488
1993-07-12,1.081,1993-07,144.5,2.449718062283737
1993-07-19,1.075,1993-07,144.5,2.4361211072664357
1993-07-26,1.069,1993-07,144.5,2.4225241522491348
1993-08-02,1.062,1993-08,144.8,2.401674861878453
1993-08-09,1.06,1993-08,144.8,2.3971519337016574
1993-08-16,1.059,1993-08,144.8,2.394890469613259
1993-08-23,1.065,1993-08,144.8,2.408459254143646
1993-08-30,1.062,1993-08,144.8,2.401674861878453
1993-09-06,1.055,1993-09,145.0,2.382553793103448
1993-09-13,1.051,1993-09,145.0,2.3735204137931034
1993-09-20,1.045,1993-09,145.0,2.359970344827586
1993-09-27,1.047,1993-09,145.0,2.3644870344827584
1993-10-04,1.092,1993-10,145.6,2.45595
1993-10-11,1.09,1993-10,145.6,2.451451923076923
1993-10-18,1.093,1993-10,145.6,2.458199038461538
1993-10-25,1.092,1993-10,145.6,2.45595
1993-11-01,1.084,1993-11,146.0,2.4312783561643836
1993-11-08,1.075,1993-11,146.0,2.4110924657534243
1993-11-15,1.064,1993-11,146.0,2.3864208219178082
1993-11-22,1.058,1993-11,146.0,2.3729635616438354
1993-11-29,1.051,1993-11,146.0,2.357263424657534
1993-12-06,1.036,1993-12,146.3,2.318855502392344
1993-12-13,1.018,1993-12,146.3,2.278566507177033
1993-12-20,1.003,1993-12,146.3,2.2449923444976068
1993-12-27,0.999,1993-12,146.3,2.2360392344497604
1994-01-03,0.992,1994-01,146.3,2.2203712918660283
1994-01-10,0.995,1994-01,146.3,2.2270861244019136
1994-01-17,1.001,1994-01,146.3,2.2405157894736836
1994-01-24,0.999,1994-01,146.3,2.2360392344497604
1994-01-31,1.005,1994-01,146.3,2.2494688995215304
1994-02-07,1.007,1994-02,146.7,2.2477997273346966
1994-02-14,1.016,1994-02,146.7,2.267889297886844
1994-02-21,1.009,1994-02,146.7,2.2522640763462847
1994-02-28,1.004,1994-02,146.7,2.2411032038173144
1994-03-07,1.007,1994-03,147.1,2.2416874235214137
1994-03-14,1.005,1994-03,147.1,2.2372352141400405
1994-03-21,1.007,1994-03,147.1,2.2416874235214137
1994-03-28,1.012,1994-03,147.1,2.2528179469748473
1994-04-04,1.011,1994-04,147.2,2.2490629076086956
1994-04-11,1.028,1994-04,147.2,2.2868809782608697
1994-04-18,1.033,1994-04,147.2,2.298003940217391
1994-04-25,1.037,1994-04,147.2,2.3069023097826085
1994-05-02,1.04,1994-05,147.5,2.308870508474576
1994-05-09,1.045,1994-05,147.5,2.319970847457627
1994-05-16,1.046,1994-05,147.5,2.3221909152542373
1994-05-23,1.05,1994-05,147.5,2.3310711864406777
1994-05-30,1.056,1994-05,147.5,2.344391593220339
1994-06-06,1.065,1994-06,147.9,2.357977687626774
1994-06-13,1.073,1994-06,147.9,2.375690196078431
1994-06-20,1.079,1994-06,147.9,2.3889745774171733
1994-06-27,1.095,1994-06,147.9,2.4243995943204864
1994-07-04,1.097,1994-07,148.4,2.420644339622641
1994-07-11,1.103,1994-07,148.4,2.4338839622641504
1994-07-18,1.109,1994-07,148.4,2.44712358490566
1994-07-25,1.114,1994-07,148.4,2.4581566037735847
1994-08-01,1.13,1994-08,149.0,2.4834214765100664
1994-08-08,1.157,1994-08,149.0,2.542759865771812
1994-08-15,1.161,1994-08,149.0,2.5515507382550333
1994-08-22,1.165,1994-08,149.0,2.560341610738255
1994-08-29,1.161,1994-08,149.0,2.5515507382550333
1994-09-05,1.156,1994-09,149.3,2.5354572002679165
1994-09-12,1.15,1994-09,149.3,2.5222973878097785
1994-09-19,1.14,1994-09,149.3,2.5003643670462155
1994-09-26,1.129,1994-09,149.3,2.476238044206296
1994-10-03,1.12,1994-10,149.4,2.4548540829986614
1994-10-10,1.114,1994-10,149.4,2.4417030789825973
1994-10-17,1.106,1994-10,149.4,2.4241684069611784
1994-10-24,1.107,1994-10,149.4,2.4263602409638554
1994-10-31,1.121,1994-10,149.4,2.457045917001339
1994-11-07,1.123,1994-11,149.8,2.454857009345794
1994-11-14,1.122,1994-11,149.8,2.452671028037383
1994-11-21,1.113,1994-11,149.8,2.432997196261682
1994-11-28,1.105,1994-11,149.8,2.4155093457943924
1994-12-05,1.103,1994-12,150.1,2.4063183211192536
1994-12-12,1.095,1994-12,150.1,2.388865423051299
1994-12-19,1.087,1994-12,150.1,2.371412524983344
1994-12-26,1.077,1994-12,150.1,2.349596402398401
1995-01-02,1.079,1995-01,150.5,2.3477032558139532
1995-01-09,1.086,1995-01,150.5,2.362933953488372
1995-01-16,1.078,1995-01,150.5,2.3455274418604652
1995-01-23,1.083,1995-01,150.5,2.356406511627907
1995-01-30,1.083,1995-01,150.5,2.356406511627907
1995-02-06,1.076,1995-02,150.9,2.334969913850232
1995-02-13,1.074,1995-02,150.9,2.3306298210735585
1995-02-20,1.067,1995-02,150.9,2.315439496355202
1995-02-27,1.073,1995-02,150.9,2.328459774685222
1995-03-06,1.076,1995-03,151.2,2.330337037037037
1995-03-13,1.069,1995-03,151.2,2.315176851851852
1995-03-20,1.068,1995-03,151.2,2.3130111111111114
1995-03-27,1.075,1995-03,151.2,2.328171296296296
1995-04-03,1.087,1995-04,151.8,2.3448552042160737
1995-04-10,1.103,1995-04,151.8,2.3793700922266137
1995-04-17,1.117,1995-04,151.8,2.4095706192358364
1995-04-24,1.138,1995-04,151.8,2.4548714097496704
1995-05-01,1.148,1995-05,152.1,2.4715587113740956
1995-05-08,1.169,1995-05,152.1,2.516770151216305
1995-05-15,1.179,1995-05,152.1,2.5382994082840233
1995-05-22,1.197,1995-05,152.1,2.577052071005917
1995-05-29,1.199,1995-05,152.1,2.5813579224194605
1995-06-05,1.199,1995-06,152.4,2.5762765091863518
1995-06-12,1.196,1995-06,152.4,2.569830446194225
1995-06-19,1.189,1995-06,152.4,2.5547896325459316
1995-06-26,1.182,1995-06,152.4,2.5397488188976376
1995-07-03,1.175,1995-07,152.6,2.5213990825688075
1995-07-10,1.165,1995-07,152.6,2.4999403669724773
1995-07-17,1.153,1995-07,152.6,2.474189908256881
1995-07-24,1.144,1995-07,152.6,2.454877064220183
1995-07-31,1.132,1995-07,152.6,2.429126605504587
1995-08-07,1.127,1995-08,152.9,2.4136521909744926
1995-08-14,1.125,1995-08,152.9,2.40936886854153
1995-08-21,1.124,1995-08,152.9,2.407227207325049
1995-08-28,1.117,1995-08,152.9,2.392235578809679
1995-09-04,1.113,1995-09,153.1,2.3805550620509472
1995-09-11,1.111,1995-09,153.1,2.3762773350751143
1995-09-18,1.11,1995-09,153.1,2.374138471587198
1995-09-25,1.109,1995-09,153.1,2.3719996080992813
1995-10-02,1.105,1995-10,153.5,2.357285342019544
1995-10-09,1.097,1995-10,153.5,2.340219022801303
1995-10-16,1.087,1995-10,153.5,2.3188861237785012
1995-10-23,1.079,1995-10,153.5,2.3018198045602603
1995-10-30,1.068,1995-10,153.5,2.2783536156351794
1995-11-06,1.065,1995-11,153.7,2.268997397527651
1995-11-13,1.063,1995-11,153.7,2.2647363695510734
1995-11-20,1.06,1995-11,153.7,2.258344827586207
1995-11-27,1.061,1995-11,153.7,2.260475341574496
1995-12-04,1.062,1995-12,153.9,2.2596654970760235
1995-12-11,1.063,1995-12,153.9,2.261793242365172
1995-12-18,1.078,1995-12,153.9,2.2937094217024043
1995-12-25,1.082,1995-12,153.9,2.302220402858999
1996-01-01,1.083,1996-01,154.7,2.2924316742081445
1996-01-08,1.093,1996-01,154.7,2.3135990950226244
1996-01-15,1.098,1996-01,154.7,2.3241828054298646
1996-01-22,1.091,1996-01,154.7,2.3093656108597287
1996-01-29,1.087,1996-01,154.7,2.300898642533937
1996-02-05,1.083,1996-02,155.0,2.2879947096774194
1996-02-12,1.08,1996-02,155.0,2.2816567741935483
1996-02-19,1.087,1996-02,155.0,2.2964452903225805
1996-02-26,1.107,1996-02,155.0,2.338698193548387
1996-03-04,1.124,1996-03,155.5,2.3669777491961415
1996-03-11,1.125,1996-03,155.5,2.3690836012861736
1996-03-18,1.135,1996-03,155.5,2.390142122186495
1996-03-25,1.164,1996-03,155.5,2.4512118327974273
1996-04-01,1.178,1996-04,156.1,2.471158744394619
1996-04-08,1.204,1996-04,156.1,2.5257004484304932
1996-04-15,1.242,1996-04,156.1,2.6054152466367713
1996-04-22,1.256,1996-04,156.1,2.634783856502242
1996-04-29,1.273,1996-04,156.1,2.670445739910314
1996-05-06,1.275,1996-05,156.4,2.6695108695652165
1996-05-13,1.277,1996-05,156.4,2.673698337595907
1996-05-20,1.285,1996-05,156.4,2.6904482097186695
1996-05-27,1.275,1996-05,156.4,2.6695108695652165
1996-06-03,1.269,1996-06,156.7,2.6518617740906185
1996-06-10,1.262,1996-06,156.7,2.6372336949585193
1996-06-17,1.258,1996-06,156.7,2.6288747925973195
1996-06-24,1.245,1996-06,156.7,2.6017083599234208
1996-07-01,1.234,1996-07,157.0,2.573793885350318
1996-07-08,1.231,1996-07,157.0,2.567536687898089
1996-07-15,1.228,1996-07,157.0,2.5612794904458593
1996-07-22,1.227,1996-07,157.0,2.559193757961783
1996-07-29,1.218,1996-07,157.0,2.5404221656050954
1996-08-05,1.207,1996-08,157.2,2.5142762086513994
1996-08-12,1.203,1996-08,157.2,2.505943893129771
1996-08-19,1.205,1996-08,157.2,2.510110050890585
1996-08-26,1.209,1996-08,157.2,2.5184423664122138
1996-09-02,1.197,1996-09,157.7,2.4855397590361448
1996-09-09,1.203,1996-09,157.7,2.4979986049461007
1996-09-16,1.206,1996-09,157.7,2.5042280279010782
1996-09-23,1.206,1996-09,157.7,2.5042280279010782
1996-09-30,1.2,1996-09,157.7,2.4917691819911227
1996-10-07,1.194,1996-10,158.2,2.4714743362831855
1996-10-14,1.203,1996-10,158.2,2.490103539823009
1996-10-21,1.204,1996-10,158.2,2.4921734513274334
1996-10-28,1.215,1996-10,158.2,2.5149424778761063
1996-11-04,1.223,1996-11,158.7,2.5235260239445494
1996-11-11,1.226,1996-11,158.7,2.5297161940768746
1996-11-18,1.236,1996-11,158.7,2.5503500945179582
1996-11-25,1.244,1996-11,158.7,2.5668572148708253
1996-12-02,1.241,1996-12,159.1,2.554229164047769
1996-12-09,1.241,1996-12,159.1,2.554229164047769
1996-12-16,1.236,1996-12,159.1,2.5439381521055937
1996-12-23,1.231,1996-12,159.1,2.5336471401634193
1996-12-30,1.227,1996-12,159.1,2.5254143306096797
1997-01-06,1.225,1997-01,159.4,2.5165526976160604
1997-01-13,1.241,1997-01,159.4,2.549421957340025
1997-01-20,1.241,1997-01,159.4,2.549421957340025
1997-01-27,1.238,1997-01,159.4,2.5432589711417815
1997-02-03,1.236,1997-02,159.7,2.5343804633688163
1997-02-10,1.234,1997-02,159.7,2.530279524107702
1997-02-17,1.227,1997-02,159.7,2.515926236693801
1997-02-24,1.223,1997-02,159.7,2.507724358171572
1997-03-03,1.215,1997-03,159.8,2.489761576971214
1997-03-10,1.206,1997-03,159.8,2.471318898623279
1997-03-17,1.2,1997-03,159.8,2.4590237797246557
1997-03-24,1.204,1997-03,159.8,2.467220525657071
1997-03-31,1.2,1997-03,159.8,2.4590237797246557
1997-04-07,1.203,1997-04,159.9,2.463629643527204
1997-04-14,1.199,1997-04,159.9,2.4554380237648528
1997-04-21,1.199,1997-04,159.9,2.4554380237648528
1997-04-28,1.195,1997-04,159.9,2.4472464040025015
1997-05-05,1.193,1997-05,159.9,2.4431505941213256
1997-05-12,1.193,1997-05,159.9,2.4431505941213256
1997-05-19,1.203,1997-05,159.9,2.463629643527204
1997-05-26,1.212,1997-05,159.9,2.482060787992495
1997-06-02,1.215,1997-06,160.2,2.483544943820225
1997-06-09,1.207,1997-06,160.2,2.467192384519351
1997-06-16,1.198,1997-06,160.2,2.4487957553058672
1997-06-23,1.187,1997-06,160.2,2.426310986267166
1997-06-30,1.181,1997-06,160.2,2.4140465667915105
1997-07-07,1.177,1997-07,160.4,2.402870448877805
1997-07-14,1.173,1997-07,160.4,2.394704364089775
1997-07-21,1.177,1997-07,160.4,2.402870448877805
1997-07-28,1.17,1997-07,160.4,2.3885798004987526
1997-08-04,1.193,1997-08,160.8,2.4294762437810946
1997-08-11,1.228,1997-08,160.8,2.500751741293532
1997-08-18,1.229,1997-08,160.8,2.502788184079602
1997-08-25,1.244,1997-08,160.8,2.5333348258706465
1997-09-01,1.243,1997-09,161.2,2.5250172456575686
1997-09-08,1.243,1997-09,161.2,2.5250172456575686
1997-09-15,1.236,1997-09,161.2,2.510797518610422
1997-09-22,1.225,1997-09,161.2,2.4884522332506207
1997-09-29,1.21,1997-09,161.2,2.4579813895781637
1997-10-06,1.209,1997-10,161.5,2.45138786377709
1997-10-13,1.203,1997-10,161.5,2.4392221671826624
1997-10-20,1.193,1997-10,161.5,2.4189460061919505
1997-10-27,1.182,1997-10,161.5,2.396642229102167
1997-11-03,1.176,1997-11,161.7,2.381527272727273
1997-11-10,1.177,1997-11,161.7,2.383552380952381
1997-11-17,1.168,1997-11,161.7,2.365326406926407
1997-11-24,1.162,1997-11,161.7,2.3531757575757575
1997-12-01,1.152,1997-12,161.8,2.33148281829419
1997-12-08,1.141,1997-12,161.8,2.309220395550062
1997-12-15,1.131,1997-12,161.8,2.288981829419036
1997-12-22,1.121,1997-12,161.8,2.26874326328801
1997-12-29,1.112,1997-12,161.8,2.2505285537700868
1998-01-05,1.102,1998-01,162.0,2.227536543209877
1998-01-12,1.094,1998-01,162.0,2.2113656790123457
1998-01-19,1.083,1998-01,162.0,2.1891307407407408
1998-01-26,1.066,1998-01,162.0,2.1547676543209877
1998-02-02,1.061,1998-02,162.0,2.144660864197531
1998-02-09,1.053,1998-02,162.0,2.1284899999999998
1998-02-16,1.038,1998-02,162.0,2.0981696296296297
1998-02-23,1.044,1998-02,162.0,2.110297777777778
1998-03-02,1.028,1998-03,162.0,2.077956049382716
1998-03-09,1.018,1998-03,162.0,2.0577424691358024
1998-03-16,1.008,1998-03,162.0,2.0375288888888887
1998-03-23,1.0,1998-03,162.0,2.021358024691358
1998-03-30,1.03,1998-03,162.0,2.081998765432099
1998-04-06,1.028,1998-04,162.2,2.0753938347718863
1998-04-13,1.025,1998-04,162.2,2.069337237977805
1998-04-20,1.028,1998-04,162.2,2.0753938347718863
1998-04-27,1.04,1998-04,162.2,2.099620221948212
1998-05-04,1.049,1998-05,162.6,2.112580196801968
1998-05-11,1.063,1998-05,162.6,2.140774784747847
1998-05-18,1.072,1998-05,162.6,2.15889987699877
1998-05-25,1.07,1998-05,162.6,2.1548720787207873
1998-06-01,1.066,1998-06,162.8,2.144179115479115
1998-06-08,1.075,1998-06,162.8,2.1622819410319405
1998-06-15,1.066,1998-06,162.8,2.144179115479115
1998-06-22,1.058,1998-06,162.8,2.1280877149877147
1998-06-29,1.057,1998-06,162.8,2.1260762899262895
1998-07-06,1.058,1998-07,163.2,2.12287181372549
1998-07-13,1.054,1998-07,163.2,2.1148458333333333
1998-07-20,1.059,1998-07,163.2,2.1248783088235292
1998-07-27,1.05,1998-07,163.2,2.1068198529411766
1998-08-03,1.039,1998-08,163.4,2.082196695226438
1998-08-10,1.033,1998-08,163.4,2.070172460220318
1998-08-17,1.026,1998-08,163.4,2.0561441860465117
1998-08-24,1.019,1998-08,163.4,2.042115911872705
1998-08-31,1.013,1998-08,163.4,2.0300916768665846
1998-09-07,1.007,1998-09,163.5,2.0168331498470944
1998-09-14,1.002,1998-09,163.5,2.0068190825688075
1998-09-21,1.014,1998-09,163.5,2.0308528440366973
1998-09-28,1.014,1998-09,163.5,2.0308528440366973
1998-10-05,1.019,1998-10,163.9,2.035886150091519
1998-10-12,1.022,1998-10,163.9,2.041879926784625
1998-10-19,1.019,1998-10,163.9,2.035886150091519
1998-10-26,1.015,1998-10,163.9,2.027894447834045
1998-11-02,1.01,1998-11,164.1,2.015445460085314
1998-11-09,1.008,1998-11,164.1,2.011454478976234
1998-11-16,0.996,1998-11,164.1,1.987508592321755
1998-11-23,0.989,1998-11,164.1,1.9735401584399757
1998-11-30,0.974,1998-11,164.1,1.9436078001218768
1998-12-07,0.954,1998-12,164.4,1.9002240875912406
1998-12-14,0.945,1998-12,164.4,1.8822974452554742
1998-12-21,0.944,1998-12,164.4,1.8803055961070556
1998-12-28,0.937,1998-12,164.4,1.8663626520681265
1999-01-04,0.935,1999-01,164.7,1.8589866423800852
1999-01-11,0.941,1999-01,164.7,1.8709159684274437
1999-01-18,0.944,1999-01,164.7,1.8768806314511233
1999-01-25,0.936,1999-01,164.7,1.8609748633879784
1999-02-01,0.929,1999-02,164.7,1.8470573163327262
1999-02-08,0.927,1999-02,164.7,1.84308087431694
1999-02-15,0.919,1999-02,164.7,1.8271751062537949
1999-02-22,0.907,1999-02,164.7,1.8033164541590772
1999-03-01,0.913,1999-03,164.8,1.8141442961165046
1999-03-08,0.921,1999-03,164.8,1.8300404126213592
1999-03-15,0.977,1999-03,164.8,1.9413132281553396
1999-03-22,1.017,1999-03,164.8,2.0207938106796113
1999-03-29,1.082,1999-03,164.8,2.1499497572815534
1999-04-05,1.118,1999-04,165.9,2.206752742616034
1999-04-12,1.14,1999-04,165.9,2.250177215189873
1999-04-19,1.135,1999-04,165.9,2.240308016877637
1999-04-26,1.131,1999-04,165.9,2.232412658227848
1999-05-03,1.136,1999-05,166.0,2.240931084337349
1999-05-10,1.14,1999-05,166.0,2.2488216867469877
1999-05-17,1.14,1999-05,166.0,2.2488216867469877
1999-05-24,1.126,1999-05,166.0,2.2212045783132526
1999-05-31,1.111,1999-05,166.0,2.1916148192771083
1999-06-07,1.112,1999-06,166.0,2.193587469879518
1999-06-14,1.108,1999-06,166.0,2.1856968674698796
1999-06-21,1.124,1999-06,166.0,2.217259277108434
1999-06-28,1.113,1999-06,166.0,2.1955601204819275
1999-07-05,1.125,1999-07,166.7,2.209913017396521
1999-07-12,1.143,1999-07,166.7,2.245271625674865
1999-07-19,1.169,1999-07,166.7,2.296345170965807
1999-07-26,1.193,1999-07,166.7,2.3434899820035997
1999-08-02,1.195,1999-08,167.1,2.3417995212447638
1999-08-09,1.206,1999-08,167.1,2.3633558348294432
1999-08-16,1.236,1999-08,167.1,2.4221457809694793
1999-08-23,1.234,1999-08,167.1,2.4182264512268103
1999-08-30,1.233,1999-08,167.1,2.4162667863554756
1999-09-06,1.242,1999-09,167.8,2.4237504171632893
1999-09-13,1.25,1999-09,167.8,2.4393623361144217
1999-09-20,1.268,1999-09,167.8,2.4744891537544693
1999-09-27,1.262,1999-09,167.8,2.46278021454112
1999-10-04,1.255,1999-10,168.1,2.444748958953004
1999-10-11,1.249,1999-10,168.1,2.4330609161213563
1999-10-18,1.236,1999-10,168.1,2.4077368233194525
1999-10-25,1.237,1999-10,168.1,2.409684830458061
1999-11-01,1.23,1999-11,168.4,2.391780285035629
1999-11-08,1.233,1999-11,168.4,2.397613895486936
1999-11-15,1.251,1999-11,168.4,2.4326155581947737
1999-11-22,1.269,1999-11,168.4,2.4676172209026124
1999-11-29,1.274,1999-11,168.4,2.4773399049881233
1999-12-06,1.273,1999-12,168.8,2.4695295023696677
1999-12-13,1.275,1999-12,168.8,2.473409360189573
1999-12-20,1.269,1999-12,168.8,2.4617697867298576
1999-12-27,1.273,1999-12,168.8,2.4695295023696677
2000-01-03,1.272,2000-01,169.3,2.4603019492025986
2000-01-10,1.264,2000-01,169.3,2.4448283520378022
2000-01-17,1.277,2000-01,169.3,2.469972947430596
2000-01-24,1.315,2000-01,169.3,2.543472533963378
2000-01-31,1.316,2000-01,169.3,2.545406733608978
2000-02-07,1.325,2000-02,170.0,2.5522617647058823
2000-02-14,1.356,2000-02,170.0,2.6119750588235298
2000-02-21,1.406,2000-02,170.0,2.7082868235294115
2000-02-28,1.421,2000-02,170.0,2.7371803529411767
2000-03-06,1.501,2000-03,171.0,2.874371111111111
2000-03-13,1.527,2000-03,171.0,2.9241603508771927
2000-03-20,1.529,2000-03,171.0,2.9279902923976606
2000-03-27,1.508,2000-03,171.0,2.8877759064327484
2000-04-03,1.503,2000-04,170.9,2.8798851960210645
2000-04-10,1.475,2000-04,170.9,2.826234640140433
2000-04-17,1.444,2000-04,170.9,2.766835810415447
2000-04-24,1.437,2000-04,170.9,2.7534231714452893
2000-05-01,1.42,2000-05,171.2,2.7160817757009346
2000-05-08,1.455,2000-05,171.2,2.7830274532710284
2000-05-15,1.492,2000-05,171.2,2.853798598130841
2000-05-22,1.527,2000-05,171.2,2.9207442757009345
2000-05-29,1.54,2000-05,171.2,2.945609813084112
2000-06-05,1.563,2000-06,172.2,2.972241463414634
2000-06-12,1.631,2000-06,172.2,3.1015520325203254
2000-06-19,1.681,2000-06,172.2,3.196633333333333
2000-06-26,1.658,2000-06,172.2,3.1528959349593495
2000-07-03,1.625,2000-07,172.7,3.0811957151129126
2000-07-10,1.593,2000-07,172.7,3.020519861030689
2000-07-17,1.546,2000-07,172.7,2.9314022003474234
2000-07-24,1.52,2000-07,172.7,2.8821030689056166
2000-07-31,1.471,2000-07,172.7,2.789193167342212
2000-08-07,1.462,2000-08,172.7,2.7721280833815864
2000-08-14,1.447,2000-08,172.7,2.7436862767805446
2000-08-21,1.468,2000-08,172.7,2.7835048060220036
2000-08-28,1.481,2000-08,172.7,2.808154371742907
2000-09-04,1.53,2000-09,173.6,2.886024193548387
2000-09-11,1.561,2000-09,173.6,2.944499193548387
2000-09-18,1.562,2000-09,173.6,2.9463854838709675
2000-09-25,1.548,2000-09,173.6,2.9199774193548387
2000-10-02,1.524,2000-10,173.9,2.8697472110408278
2000-10-09,1.502,2000-10,173.9,2.8283204140310523
2000-10-16,1.539,2000-10,173.9,2.8979927544565838
2000-10-23,1.551,2000-10,173.9,2.920589189189189
2000-10-30,1.545,2000-10,173.9,2.9092909718228865
2000-11-06,1.526,2000-11,174.2,2.868564638346728
2000-11-13,1.523,2000-11,174.2,2.8629252583237657
2000-11-20,1.51,2000-11,174.2,2.83848794489093
2000-11-27,1.51,2000-11,174.2,2.83848794489093
2000-12-04,1.486,2000-12,174.6,2.786973424971363
2000-12-11,1.449,2000-12,174.6,2.717580412371134
2000-12-18,1.422,2000-12,174.6,2.666942268041237
2000-12-25,1.414,2000-12,174.6,2.6519383734249713
2001-01-01,1.406,2001-01,175.6,2.6219177676537586
2001-01-08,1.425,2001-01,175.6,2.6573490888382687
2001-01-15,1.474,2001-01,175.6,2.748724601366743
2001-01-22,1.471,2001-01,175.6,2.7431301822323464
2001-01-29,1.46,2001-01,175.6,2.722617312072893
2001-02-05,1.443,2001-02,176.0,2.684799886363636
2001-02-12,1.476,2001-02,176.0,2.746198636363636
2001-02-19,1.449,2001-02,176.0,2.695963295454545
2001-02-26,1.431,2001-02,176.0,2.662473068181818
2001-03-05,1.417,2001-03,176.1,2.6349279954571267
2001-03-12,1.412,2001-03,176.1,2.6256304372515613
2001-03-19,1.404,2001-03,176.1,2.6107543441226575
2001-03-26,1.404,2001-03,176.1,2.6107543441226575
2001-04-02,1.442,2001-04,176.4,2.676855555555555
2001-04-09,1.5,2001-04,176.4,2.7845238095238094
2001-04-16,1.571,2001-04,176.4,2.9163246031746026
2001-04-23,1.619,2001-04,176.4,3.005429365079365
2001-04-30,1.626,2001-04,176.4,3.018423809523809
2001-05-07,1.703,2001-05,177.3,3.1453151720248167
2001-05-14,1.713,2001-05,177.3,3.1637844331641283
2001-05-21,1.687,2001-05,177.3,3.1157643542019176
2001-05-28,1.704,2001-05,177.3,3.1471620981387476
2001-06-04,1.679,2001-06,177.7,3.0940086662915025
2001-06-11,1.647,2001-06,177.7,3.035040067529544
2001-06-18,1.601,2001-06,177.7,2.950272706809229
2001-06-25,1.538,2001-06,177.7,2.8341782779966236
2001-07-02,1.474,2001-07,177.4,2.720834498308906
2001-07-09,1.437,2001-07,177.4,2.652536753100338
2001-07-16,1.413,2001-07,177.4,2.6082355129650505
2001-07-23,1.395,2001-07,177.4,2.575009582863585
2001-07-30,1.384,2001-07,177.4,2.554704847801578
2001-08-06,1.376,2001-08,177.4,2.539937767756482
2001-08-13,1.392,2001-08,177.4,2.5694719278466738
2001-08-20,1.427,2001-08,177.4,2.6340779030439685
2001-08-27,1.488,2001-08,177.4,2.746676888387824
2001-09-03,1.545,2001-09,178.1,2.840683323975295
2001-09-10,1.527,2001-09,178.1,2.807587984278495
2001-09-17,1.529,2001-09,178.1,2.8112652442448063
2001-09-24,1.485,2001-09,178.1,2.730365524985963
2001-10-01,1.416,2001-10,177.6,2.6108297297297294
2001-10-08,1.352,2001-10,177.6,2.492826126126126
2001-10-15,1.309,2001-10,177.6,2.4135424549549547
2001-10-22,1.265,2001-10,177.6,2.332414977477477
2001-10-29,1.235,2001-10,177.6,2.2771007882882883
2001-11-05,1.206,2001-11,177.5,2.2248831549295773
2001-11-12,1.182,2001-11,177.5,2.1806068732394364
2001-11-19,1.167,2001-11,177.5,2.152934197183099
2001-11-26,1.127,2001-11,177.5,2.0791403943661972
2001-12-03,1.108,2001-12,177.4,2.045240586245772
2001-12-10,1.095,2001-12,177.4,2.021244081172491
2001-12-17,1.059,2001-12,177.4,1.95479222096956
2001-12-24,1.072,2001-12,177.4,1.978788726042841
2001-12-31,1.096,2001-12,177.4,2.0230899661781283
2002-01-07,1.112,2002-01,177.7,2.049158806978053
2002-01-14,1.111,2002-01,177.7,2.0473160382667417
2002-01-21,1.105,2002-01,177.7,2.036259425998874
2002-01-28,1.101,2002-01,177.7,2.0288883511536295
2002-02-04,1.116,2002-02,178.0,2.053063820224719
2002-02-11,1.107,2002-02,178.0,2.036506853932584
2002-02-18,1.116,2002-02,178.0,2.053063820224719
2002-02-25,1.116,2002-02,178.0,2.053063820224719
2002-03-04,1.144,2002-03,178.5,2.0986792156862744
2002-03-11,1.223,2002-03,178.5,2.2436054901960785
2002-03-18,1.288,2002-03,178.5,2.3628486274509806
2002-03-25,1.342,2002-03,178.5,2.4619121568627453
2002-04-01,1.371,2002-04,179.3,2.5038910206358054
2002-04-08,1.413,2002-04,179.3,2.580596653653095
2002-04-15,1.404,2002-04,179.3,2.564159732292247
2002-04-22,1.404,2002-04,179.3,2.564159732292247
2002-04-29,1.393,2002-04,179.3,2.5440701617401
2002-05-06,1.395,2002-05,179.5,2.544884122562674
2002-05-13,1.388,2002-05,179.5,2.5321140947075205
2002-05-20,1.397,2002-05,179.5,2.5485327019498607
2002-05-27,1.387,2002-05,179.5,2.5302898050139273
2002-06-03,1.392,2002-06,179.6,2.537997327394209
2002-06-10,1.375,2002-06,179.6,2.507001670378619
2002-06-17,1.378,2002-06,179.6,2.5124714922048996
2002-06-24,1.384,2002-06,179.6,2.5234111358574607
2002-07-01,1.392,2002-07,180.0,2.532357333333333
2002-07-08,1.382,2002-07,180.0,2.5141651111111107
2002-07-15,1.394,2002-07,180.0,2.5359957777777775
2002-07-22,1.41,2002-07,180.0,2.565103333333333
2002-07-29,1.407,2002-07,180.0,2.5596456666666665
2002-08-05,1.395,2002-08,180.5,2.5307850415512467
2002-08-12,1.393,2002-08,180.5,2.527156675900277
2002-08-19,1.392,2002-08,180.5,2.525342493074792
2002-08-26,1.403,2002-08,180.5,2.5452985041551246
2002-09-02,1.394,2002-09,180.8,2.5247745575221234
2002-09-09,1.395,2002-09,180.8,2.5265857300884953
2002-09-16,1.401,2002-09,180.8,2.537452765486725
2002-09-23,1.395,2002-09,180.8,2.5265857300884953
2002-09-30,1.413,2002-09,180.8,2.5591868362831853
2002-10-07,1.439,2002-10,181.2,2.6005239514348784
2002-10-14,1.44,2002-10,181.2,2.6023311258278143
2002-10-21,1.458,2002-10,181.2,2.634860264900662
2002-10-28,1.444,2002-10,181.2,2.6095598233995583
2002-11-04,1.448,2002-11,181.5,2.612463250688705
2002-11-11,1.439,2002-11,181.5,2.5962255647382917
2002-11-18,1.409,2002-11,181.5,2.542099944903581
2002-11-25,1.38,2002-11,181.5,2.489778512396694
2002-12-02,1.364,2002-12,181.8,2.456850605060506
2002-12-09,1.36,2002-12,181.8,2.4496457645764576
2002-12-16,1.363,2002-12,181.8,2.455049394939494
2002-12-23,1.401,2002-12,181.8,2.5234953795379536
2002-12-30,1.441,2002-12,181.8,2.5955437843784375
2003-01-06,1.444,2003-01,182.6,2.589552245345016
2003-01-13,1.454,2003-01,182.6,2.6074854326396495
2003-01-20,1.459,2003-01,182.6,2.616452026286966
2003-01-27,1.473,2003-01,182.6,2.6415584884994523
2003-02-03,1.527,2003-02,183.6,2.723482679738562
2003-02-10,1.607,2003-02,183.6,2.8661667755991287
2003-02-17,1.66,2003-02,183.6,2.9606949891067535
2003-02-24,1.658,2003-02,183.6,2.9571278867102397
2003-03-03,1.686,2003-03,183.9,3.0021618270799344
2003-03-10,1.712,2003-03,183.9,3.0484585100598145
2003-03-17,1.728,2003-03,183.9,3.076948776508972
2003-03-24,1.69,2003-03,183.9,3.009284393692224
2003-03-31,1.649,2003-03,183.9,2.9362780859162587
2003-04-07,1.63,2003-04,183.2,2.913536026200873
2003-04-14,1.595,2003-04,183.2,2.8509754366812223
2003-04-21,1.574,2003-04,183.2,2.8134390829694325
2003-04-28,1.557,2003-04,183.2,2.78305251091703
2003-05-05,1.513,2003-05,182.9,2.7088407873154727
2003-05-12,1.491,2003-05,182.9,2.6694524876981958
2003-05-19,1.498,2003-05,182.9,2.681985128485511
2003-05-26,1.487,2003-05,182.9,2.6622909786768725
2003-06-02,1.473,2003-06,183.1,2.634345057345713
2003-06-09,1.49,2003-06,183.1,2.664748225013654
2003-06-16,1.518,2003-06,183.1,2.71482403058438
2003-06-23,1.496,2003-06,183.1,2.6754787547788093
2003-06-30,1.487,2003-06,183.1,2.6593829601310763
2003-07-07,1.489,2003-07,183.7,2.6542620577027765
2003-07-14,1.521,2003-07,183.7,2.7113046271094174
2003-07-21,1.524,2003-07,183.7,2.71665236799129
2003-07-28,1.516,2003-07,183.7,2.7023917256396297
2003-08-04,1.536,2003-08,184.5,2.726171056910569
2003-08-11,1.571,2003-08,184.5,2.788290840108401
2003-08-18,1.627,2003-08,184.5,2.887682493224932
2003-08-25,1.747,2003-08,184.5,3.1006646070460704
2003-09-01,1.746,2003-09,185.1,3.088844732576985
2003-09-08,1.717,2003-09,185.1,3.0375408968125335
2003-09-15,1.697,2003-09,185.1,3.0021589411129117
2003-09-22,1.643,2003-09,185.1,2.9066276607239327
2003-09-29,1.591,2003-09,185.1,2.814634575904916
2003-10-06,1.573,2003-10,184.9,2.785800865332612
2003-10-13,1.568,2003-10,184.9,2.7769458085451593
2003-10-20,1.571,2003-10,184.9,2.782258842617631
2003-10-27,1.542,2003-10,184.9,2.7308995132504057
2003-11-03,1.535,2003-11,185.0,2.7170329729729725
2003-11-10,1.504,2003-11,185.0,2.6621612972972972
2003-11-17,1.497,2003-11,185.0,2.649770918918919
2003-11-24,1.512,2003-11,185.0,2.6763217297297297
2003-12-01,1.49,2003-12,185.5,2.6302716981132073
2003-12-08,1.476,2003-12,185.5,2.6055577358490565
2003-12-15,1.465,2003-12,185.5,2.5861396226415096
2003-12-22,1.485,2003-12,185.5,2.621445283018868
2003-12-29,1.478,2003-12,185.5,2.6090883018867923
2004-01-05,1.51,2004-01,186.3,2.654130971551261
2004-01-12,1.56,2004-01,186.3,2.742016103059581
2004-01-19,1.595,2004-01,186.3,2.803535695115405
2004-01-26,1.622,2004-01,186.3,2.850993666129898
2004-02-02,1.616,2004-02,186.7,2.8343618639528656
2004-02-09,1.638,2004-02,186.7,2.872948473486877
2004-02-16,1.648,2004-02,186.7,2.890487841456882
2004-02-23,1.688,2004-02,186.7,2.960645313336904
2004-03-01,1.717,2004-03,187.1,3.0050711918760022
2004-03-08,1.738,2004-03,187.1,3.041825120256547
2004-03-15,1.724,2004-03,187.1,3.0173225013361837
2004-03-22,1.743,2004-03,187.1,3.050576055585249
2004-03-29,1.758,2004-03,187.1,3.0768288615713524
2004-04-05,1.78,2004-04,187.4,3.110345784418356
2004-04-12,1.786,2004-04,187.4,3.120830096051227
2004-04-19,1.813,2004-04,187.4,3.168009498399146
2004-04-26,1.812,2004-04,187.4,3.166262113127001
2004-05-03,1.844,2004-05,188.2,3.2084816153028695
2004-05-10,1.941,2004-05,188.2,3.377257492029756
2004-05-17,2.017,2004-05,188.2,3.5094942614240168
2004-05-24,2.064,2004-05,188.2,3.5912722635494156
2004-05-31,2.051,2004-05,188.2,3.568652816153029
2004-06-07,2.034,2004-06,188.9,3.525958920063525
2004-06-14,1.985,2004-06,188.9,3.4410169401799893
2004-06-21,1.937,2004-06,188.9,3.3578084700899944
2004-06-28,1.921,2004-06,188.9,3.3300723133933294
2004-07-05,1.895,2004-07,189.1,3.2815267054468533
2004-07-12,1.917,2004-07,189.1,3.3196235854045475
2004-07-19,1.928,2004-07,189.1,3.338672025383395
2004-07-26,1.905,2004-07,189.1,3.298843469063987
2004-08-02,1.888,2004-08,189.2,3.267676955602537
2004-08-09,1.877,2004-08,189.2,3.2486385835095137
2004-08-16,1.875,2004-08,189.2,3.245177061310782
2004-08-23,1.884,2004-08,189.2,3.260753911205074
2004-08-30,1.866,2004-08,189.2,3.2296002114164906
2004-09-06,1.85,2004-09,189.8,3.191786090621707
2004-09-13,1.846,2004-09,189.8,3.1848849315068493
2004-09-20,1.866,2004-09,189.8,3.219390727081138
2004-09-27,1.917,2004-09,189.8,3.307380505795574
2004-10-04,1.938,2004-10,190.8,3.3260874213836473
2004-10-11,1.993,2004-10,190.8,3.4204810272536688
2004-10-18,2.035,2004-10,190.8,3.4925634171907753
2004-10-25,2.032,2004-10,190.8,3.4874146750524107
2004-11-01,2.034,2004-11,191.7,3.474458215962441
2004-11-08,2.001,2004-11,191.7,3.4180879499217527
2004-11-15,1.969,2004-11,191.7,3.363425873761085
2004-11-22,1.948,2004-11,191.7,3.3275538862806466
2004-11-29,1.945,2004-11,191.7,3.3224293166405845
2004-12-06,1.911,2004-12,191.7,3.264350860719875
2004-12-13,1.847,2004-12,191.7,3.1550267083985393
2004-12-20,1.815,2004-12,191.7,3.1003646322378717
2004-12-27,1.791,2004-12,191.7,3.0593680751173706
2005-01-03,1.778,2005-01,191.6,3.038746764091858
2005-01-10,1.793,2005-01,191.6,3.064382985386221
2005-01-17,1.819,2005-01,191.6,3.1088191022964504
2005-01-24,1.853,2005-01,191.6,3.166927870563674
2005-01-31,1.911,2005-01,191.6,3.2660545929018787
2005-02-07,1.909,2005-02,192.4,3.249070374220374
2005-02-14,1.898,2005-02,192.4,3.2303486486486483
2005-02-21,1.905,2005-02,192.4,3.242262474012474
2005-02-28,1.928,2005-02,192.4,3.2814079002079
2005-03-07,1.999,2005-03,193.1,3.3899147591921284
2005-03-14,2.056,2005-03,193.1,3.4865756602796476
2005-03-21,2.109,2005-03,193.1,3.5764533402382184
2005-03-28,2.153,2005-03,193.1,3.6510687726566546
2005-04-04,2.217,2005-04,193.7,3.7479546721734645
2005-04-11,2.28,2005-04,193.7,3.854459473412493
2005-04-18,2.237,2005-04,193.7,3.7817657201858546
2005-04-25,2.236,2005-04,193.7,3.780075167785235
2005-05-02,2.235,2005-05,193.6,3.780336260330578
2005-05-09,2.186,2005-05,193.6,3.697456404958677
2005-05-16,2.163,2005-05,193.6,3.6585536157024787
2005-05-23,2.125,2005-05,193.6,3.59427944214876
2005-05-30,2.097,2005-05,193.6,3.5469195247933882
2005-06-06,2.116,2005-06,193.7,3.577208879710893
2005-06-13,2.13,2005-06,193.7,3.600876613319566
2005-06-20,2.161,2005-06,193.7,3.6532837377387715
2005-06-27,2.215,2005-06,193.7,3.7445735673722247
2005-07-04,2.226,2005-07,194.9,3.739999794766547
2005-07-11,2.328,2005-07,194.9,3.9113744484350947
2005-07-18,2.317,2005-07,194.9,3.8928928681375066
2005-07-25,2.289,2005-07,194.9,3.845848845561827
2005-08-01,2.291,2005-08,196.1,3.82565456399796
2005-08-08,2.368,2005-08,196.1,3.954233962264151
2005-08-15,2.55,2005-08,196.1,4.258148903620602
2005-08-22,2.612,2005-08,196.1,4.361680367159613
2005-08-29,2.61,2005-08,196.1,4.358340642529321
2005-09-05,3.069,2005-09,198.8,5.055204929577464
2005-09-12,2.955,2005-09,198.8,4.867426056338028
2005-09-19,2.786,2005-09,198.8,4.589052112676056
2005-09-26,2.803,2005-09,198.8,4.617054225352112
2005-10-03,2.928,2005-10,199.1,4.815684982420894
2005-10-10,2.848,2005-10,199.1,4.684108890005023
2005-10-17,2.725,2005-10,199.1,4.48181064791562
2005-10-24,2.603,2005-10,199.1,4.281157106981417
2005-10-31,2.48,2005-10,199.1,4.078858864892014
2005-11-07,2.376,2005-11,198.1,3.9275363957597174
2005-11-14,2.296,2005-11,198.1,3.7952961130742047
2005-11-21,2.201,2005-11,198.1,3.638260777385159
2005-11-28,2.154,2005-11,198.1,3.5605696113074203
2005-12-05,2.147,2005-12,198.1,3.548998586572438
2005-12-12,2.185,2005-12,198.1,3.611812720848057
2005-12-19,2.211,2005-12,198.1,3.6547908127208477
2005-12-26,2.197,2005-12,198.1,3.6316487632508836
2006-01-02,2.238,2006-01,199.3,3.677147415955845
2006-01-09,2.327,2006-01,199.3,3.823378926241846
2006-01-16,2.32,2006-01,199.3,3.81187757150025
2006-01-23,2.336,2006-01,199.3,3.838166382338183
2006-01-30,2.357,2006-01,199.3,3.8726704465629704
2006-02-06,2.342,2006-02,199.4,3.8460948846539615
2006-02-13,2.284,2006-02,199.4,3.7508457372116344
2006-02-20,2.24,2006-02,199.4,3.6785877632898694
2006-02-27,2.254,2006-02,199.4,3.701578936810431
2006-03-06,2.331,2006-03,199.7,3.822279719579369
2006-03-13,2.366,2006-03,199.7,3.8796713069604407
2006-03-20,2.504,2006-03,199.7,4.105958137205809
2006-03-27,2.498,2006-03,199.7,4.096119579369054
2006-04-03,2.588,2006-04,200.7,4.222553462879921
2006-04-10,2.683,2006-04,200.7,4.377554459392128
2006-04-17,2.783,2006-04,200.7,4.540713403089188
2006-04-24,2.914,2006-04,200.7,4.754451619332337
2006-05-01,2.919,2006-05,201.3,4.748414008941878
2006-05-08,2.909,2006-05,201.3,4.732146746150024
2006-05-15,2.947,2006-05,201.3,4.793962344759065
2006-05-22,2.892,2006-05,201.3,4.7044923994038745
2006-05-29,2.867,2006-05,201.3,4.663824242424242
2006-06-05,2.892,2006-06,201.8,4.6928360753221
2006-06-12,2.906,2006-06,201.8,4.715553815659068
2006-06-19,2.871,2006-06,201.8,4.65875946481665
2006-06-26,2.869,2006-06,201.8,4.6555140733399405
2006-07-03,2.934,2006-07,202.9,4.735178117299162
2006-07-10,2.973,2006-07,202.9,4.798120157713158
2006-07-17,2.989,2006-07,202.9,4.823942533267619
2006-07-24,3.003,2006-07,202.9,4.846537111877772
2006-07-31,3.004,2006-07,202.9,4.848151010349926
2006-08-07,3.038,2006-08,203.8,4.8813713444553475
2006-08-14,3.0,2006-08,203.8,4.820314033366045
2006-08-21,2.924,2006-08,203.8,4.698199411187438
2006-08-28,2.845,2006-08,203.8,4.571264474975466
2006-09-04,2.727,2006-09,202.8,4.403271301775147
2006-09-11,2.618,2006-09,202.8,4.227269625246548
2006-09-18,2.497,2006-09,202.8,4.031891617357001
2006-09-25,2.378,2006-09,202.8,3.839742998027613
2006-10-02,2.31,2006-10,201.9,3.746570579494799
2006-10-09,2.261,2006-10,201.9,3.667097870232788
2006-10-16,2.226,2006-10,201.9,3.6103316493313518
2006-10-23,2.208,2006-10,201.9,3.5811375928677562
2006-10-30,2.218,2006-10,201.9,3.597356513125309
2006-11-06,2.2,2006-11,202.0,3.5663960396039602
2006-11-13,2.232,2006-11,202.0,3.618270891089109
2006-11-20,2.239,2006-11,202.0,3.629618514851485
2006-11-27,2.246,2006-11,202.0,3.640966138613861
2006-12-04,2.297,2006-12,203.1,3.7034742491383557
2006-12-11,2.293,2006-12,203.1,3.6970250123092074
2006-12-18,2.32,2006-12,203.1,3.740557360905957
2006-12-25,2.341,2006-12,203.1,3.7744158542589856
2007-01-01,2.334,2007-01,203.437,3.7568959432158353
2007-01-08,2.306,2007-01,203.437,3.711826069004163
2007-01-15,2.229,2007-01,203.437,3.587883914922064
2007-01-22,2.165,2007-01,203.437,3.484867059581098
2007-01-29,2.165,2007-01,203.437,3.484867059581098
2007-02-05,2.191,2007-02,204.226,3.5130926522577925
2007-02-12,2.241,2007-02,204.226,3.5932636393015582
2007-02-19,2.296,2007-02,204.226,3.6814517250496994
2007-02-26,2.383,2007-02,204.226,3.8209492425058516
2007-03-05,2.505,2007-03,205.288,3.995787868750243
2007-03-12,2.559,2007-03,205.288,4.081924613226296
2007-03-19,2.577,2007-03,205.288,4.110636861384981
2007-03-26,2.61,2007-03,205.288,4.163275983009235
2007-04-02,2.707,2007-04,205.904,4.305084991063796
2007-04-09,2.802,2007-04,205.904,4.4561685057114
2007-04-16,2.876,2007-04,205.904,4.5738546118579535
2007-04-23,2.869,2007-04,205.904,4.562722142357604
2007-04-30,2.971,2007-04,205.904,4.724938126505556
2007-05-07,3.054,2007-05,206.755,4.83694633745254
2007-05-14,3.103,2007-05,206.755,4.914552876593069
2007-05-21,3.218,2007-05,206.755,5.096690672535126
2007-05-28,3.209,2007-05,206.755,5.082436410244008
2007-06-04,3.157,2007-06,207.234,4.988521285117306
2007-06-11,3.076,2007-06,207.234,4.860529449800708
2007-06-18,3.009,2007-06,207.234,4.754659660094386
2007-06-25,2.982,2007-06,207.234,4.711995714988853
2007-07-02,2.959,2007-07,207.603,4.667341705081332
2007-07-09,2.981,2007-07,207.603,4.7020431303979215
2007-07-16,3.049,2007-07,207.603,4.809302081376472
2007-07-23,2.958,2007-07,207.603,4.6657643675669425
2007-07-30,2.876,2007-07,207.603,4.536422691386925
2007-08-06,2.838,2007-08,207.667,4.475104277521224
2007-08-13,2.771,2007-08,207.667,4.369455233619207
2007-08-20,2.785,2007-08,207.667,4.391531153240524
2007-08-27,2.749,2007-08,207.667,4.33476450278571
2007-09-03,2.796,2007-09,208.547,4.3902725045193645
2007-09-10,2.818,2007-09,208.547,4.4248168518367565
2007-09-17,2.787,2007-09,208.547,4.376140726071341
2007-09-24,2.812,2007-09,208.547,4.41539566620474
2007-10-01,2.788,2007-10,209.19,4.364254887900951
2007-10-08,2.77,2007-10,209.19,4.336078206415221
2007-10-15,2.762,2007-10,209.19,4.323555236866007
2007-10-22,2.823,2007-10,209.19,4.41904287967876
2007-10-29,2.872,2007-10,209.19,4.495746068167694
2007-11-05,3.013,2007-11,210.834,4.679686293482075
2007-11-12,3.111,2007-11,210.834,4.831896468311562
2007-11-19,3.099,2007-11,210.834,4.813258487720197
2007-11-26,3.097,2007-11,210.834,4.810152157621635
2007-12-03,3.061,2007-12,211.445,4.740500177351084
2007-12-10,3.0,2007-12,211.445,4.646030882735463
2007-12-17,2.998,2007-12,211.445,4.642933528813639
2007-12-24,2.98,2007-12,211.445,4.615057343517226
2007-12-31,3.053,2007-12,211.445,4.728110761663789
2008-01-07,3.109,2008-01,212.174,4.798293570371487
2008-01-14,3.068,2008-01,212.174,4.735015977452468
2008-01-21,3.017,2008-01,212.174,4.6563048252849075
2008-01-28,2.977,2008-01,212.174,4.594570588290742
2008-02-04,2.978,2008-02,212.687,4.585028139942732
2008-02-11,2.96,2008-02,212.687,4.5573147394998275
2008-02-18,3.042,2008-02,212.687,4.683564674850836
2008-02-25,3.13,2008-02,212.687,4.81905241034948
2008-03-03,3.162,2008-03,213.448,4.850963794460476
2008-03-10,3.225,2008-03,213.448,4.947614875754281
2008-03-17,3.284,2008-03,213.448,5.0381293804580025
2008-03-24,3.259,2008-03,213.448,4.999775776769985
2008-03-31,3.29,2008-03,213.448,5.047334245343127
2008-04-07,3.332,2008-04,213.942,5.099965037253087
2008-04-14,3.389,2008-04,213.942,5.187209337110057
2008-04-21,3.508,2008-04,213.942,5.369350945583382
2008-04-28,3.603,2008-04,213.942,5.514758112011667
2008-05-05,3.613,2008-05,215.208,5.49753252667187
2008-05-12,3.722,2008-05,215.208,5.663386677075201
2008-05-19,3.791,2008-05,215.208,5.768376919073639
2008-05-26,3.937,2008-05,215.208,5.990530184751496
2008-06-02,3.976,2008-06,217.463,5.987137857934453
2008-06-09,4.039,2008-06,217.463,6.08200447892285
2008-06-16,4.082,2008-06,217.463,6.146754712295884
2008-06-23,4.079,2008-06,217.463,6.14223725415358
2008-06-30,4.095,2008-06,217.463,6.166330364245871
2008-07-07,4.114,2008-07,219.016,6.151013807210432
2008-07-14,4.113,2008-07,219.016,6.149518665302993
2008-07-21,4.064,2008-07,219.016,6.076256711838405
2008-07-28,3.955,2008-07,219.016,5.913286243927384
2008-08-04,3.88,2008-08,218.69,5.809798344688828
2008-08-11,3.809,2008-08,218.69,5.703485024463853
2008-08-18,3.74,2008-08,218.69,5.600166445653665
2008-08-25,3.685,2008-08,218.69,5.517811056746993
2008-09-01,3.68,2008-09,218.877,5.505616396423562
2008-09-08,3.648,2008-09,218.877,5.45774147123727
2008-09-15,3.835,2008-09,218.877,5.737510565294663
2008-09-22,3.718,2008-09,218.877,5.562467870082283
2008-09-29,3.632,2008-09,218.877,5.433804008644124
2008-10-06,3.484,2008-10,216.995,5.257589529712666
2008-10-13,3.151,2008-10,216.995,4.75507020899099
2008-10-20,2.914,2008-10,216.995,4.39742132307196
2008-10-27,2.656,2008-10,216.995,4.008082029539851
2008-11-03,2.4,2008-11,213.153,3.687041702439093
2008-11-10,2.224,2008-11,213.153,3.4166586442602265
2008-11-17,2.072,2008-11,213.153,3.1831460031057506
2008-11-24,1.892,2008-11,213.153,2.9066178754228185
2008-12-01,1.811,2008-12,211.398,2.8052775333730686
2008-12-08,1.699,2008-12,211.398,2.631787150304165
2008-12-15,1.659,2008-12,211.398,2.5698262992081284
2008-12-22,1.653,2008-12,211.398,2.560532171543723
2008-12-29,1.613,2008-12,211.398,2.4985713204476863
2009-01-05,1.684,2009-01,211.933,2.6019668480132867
2009-01-12,1.784,2009-01,211.933,2.756477943501012
2009-01-19,1.847,2009-01,211.933,2.8538199336582784
2009-01-26,1.838,2009-01,211.933,2.8399139350643834
2009-02-02,1.892,2009-02,212.705,2.912739803953832
2009-02-09,1.926,2009-02,212.705,2.965082908253214
2009-02-16,1.964,2009-02,212.705,3.023584024823111
2009-02-23,1.909,2009-02,212.705,2.938911356103523
2009-03-02,1.934,2009-03,212.495,2.980341372738182
2009-03-09,1.941,2009-03,212.495,2.9911285442010396
2009-03-16,1.91,2009-03,212.495,2.9433567848655255
2009-03-23,1.962,2009-03,212.495,3.0234900585896134
2009-03-30,2.046,2009-03,212.495,3.1529361161439087
2009-04-06,2.037,2009-04,212.709,3.1359087767795435
2009-04-13,2.051,2009-04,212.709,3.15746141442064
2009-04-20,2.059,2009-04,212.709,3.16977720735841
2009-04-27,2.049,2009-04,212.709,3.1543824661861977
2009-05-04,2.078,2009-05,213.022,3.194326783149158
2009-05-11,2.24,2009-05,213.022,3.443355146416802
2009-05-18,2.309,2009-05,213.022,3.5494227826233913
2009-05-25,2.435,2009-05,213.022,3.7431115096093364
2009-06-01,2.524,2009-06,214.79,3.8479865915545415
2009-06-08,2.624,2009-06,214.79,4.000442478700125
2009-06-15,2.672,2009-06,214.79,4.073621304530006
2009-06-22,2.691,2009-06,214.79,4.1025879230876665
2009-06-29,2.642,2009-06,214.79,4.02788453838633
2009-07-06,2.612,2009-07,214.726,3.9833346683680593
2009-07-13,2.528,2009-07,214.726,3.855233553458826
2009-07-20,2.463,2009-07,214.726,3.7561076907314432
2009-07-27,2.503,2009-07,214.726,3.817108221640602
2009-08-03,2.557,2009-08,215.445,3.8864453572837614
2009-08-10,2.647,2009-08,215.445,4.023238506347328
2009-08-17,2.637,2009-08,215.445,4.008039267562487
2009-08-24,2.628,2009-08,215.445,3.9943599526561306
2009-08-31,2.613,2009-08,215.445,3.971561094478869
2009-09-07,2.588,2009-09,215.861,3.9259823682832935
2009-09-14,2.577,2009-09,215.861,3.909295426223357
2009-09-21,2.552,2009-09,215.861,3.8713705579053186
2009-09-28,2.499,2009-09,215.861,3.7909698370710783
2009-10-05,2.468,2009-10,216.509,3.732737576728912
2009-10-12,2.489,2009-10,216.509,3.764499120128955
2009-10-19,2.574,2009-10,216.509,3.8930577481767497
2009-10-26,2.674,2009-10,216.509,4.0443031929388615
2009-11-02,2.694,2009-11,217.234,4.060953810177043
2009-11-09,2.666,2009-11,217.234,4.01874642091017
2009-11-16,2.629,2009-11,217.234,3.962972370807516
2009-11-23,2.639,2009-11,217.234,3.978046438402828
2009-11-30,2.629,2009-11,217.234,3.962972370807516
2009-12-07,2.634,2009-12,217.347,3.9684451131140523
2009-12-14,2.599,2009-12,217.347,3.915713306371839
2009-12-21,2.589,2009-12,217.347,3.900647075874063
2009-12-28,2.607,2009-12,217.347,3.9277662907700592
2010-01-04,2.665,2010-01,217.488,4.012547358934746
2010-01-11,2.751,2010-01,217.488,4.1420329397483995
2010-01-18,2.739,2010-01,217.488,4.123965184286029
2010-01-25,2.705,2010-01,217.488,4.07277321047598
2010-02-01,2.661,2010-02,217.281,4.0103417233904475
2010-02-08,2.652,2010-02,217.281,3.9967779971557564
2010-02-15,2.608,2010-02,217.281,3.9304664466750427
2010-02-22,2.655,2010-02,217.281,4.001299239233987
2010-03-01,2.702,2010-03,217.353,4.070783103982921
2010-03-08,2.751,2010-03,217.353,4.1446055955059276
2010-03-15,2.788,2010-03,217.353,4.200349109513096
2010-03-22,2.819,2010-03,217.353,4.247053134762345
2010-03-29,2.798,2010-03,217.353,4.215414924109628
2010-04-05,2.826,2010-04,217.403,4.25662000984347
2010-04-12,2.858,2010-04,217.403,4.304819528709356
2010-04-19,2.86,2010-04,217.403,4.3078319986384725
2010-04-26,2.849,2010-04,217.403,4.291263414028325
2010-05-03,2.898,2010-05,217.29,4.367338947949745
2010-05-10,2.905,2010-05,217.29,4.377888075843343
2010-05-17,2.864,2010-05,217.29,4.316100326752267
2010-05-24,2.786,2010-05,217.29,4.19855290165217
2010-05-31,2.728,2010-05,217.29,4.1111458419623546
2010-06-07,2.725,2010-06,217.199,4.108345342289789
2010-06-14,2.701,2010-06,217.199,4.072161750284301
2010-06-21,2.743,2010-06,217.199,4.135483036293905
2010-06-28,2.757,2010-06,217.199,4.15659013163044
2010-07-05,2.726,2010-07,217.605,4.1021849681762825
2010-07-12,2.718,2010-07,217.605,4.090146274212449
2010-07-19,2.722,2010-07,217.605,4.096165621194366
2010-07-26,2.749,2010-07,217.605,4.136796213322304
2010-08-02,2.735,2010-08,217.923,4.109722700219802
2010-08-09,2.783,2010-08,217.923,4.181849460589291
2010-08-16,2.745,2010-08,217.923,4.1247491086301125
2010-08-23,2.704,2010-08,217.923,4.063140834147841
2010-08-30,2.682,2010-08,217.923,4.030082735645159
2010-09-06,2.682,2010-09,218.275,4.023583644485168
2010-09-13,2.721,2010-09,218.275,4.082092131485512
2010-09-20,2.723,2010-09,218.275,4.085092566716298
2010-09-27,2.694,2010-09,218.275,4.0415862558698885
2010-10-04,2.732,2010-10,219.035,4.084373364987331
2010-10-11,2.819,2010-10,219.035,4.214439427488757
2010-10-18,2.834,2010-10,219.035,4.2368646106786585
2010-10-25,2.817,2010-10,219.035,4.211449403063438
2010-11-01,2.806,2010-11,219.59,4.184401657634682
2010-11-08,2.865,2010-11,219.59,4.272384443736053
2010-11-15,2.892,2010-11,219.59,4.312647752629901
2010-11-22,2.876,2010-11,219.59,4.288788014026139
2010-11-29,2.856,2010-11,219.59,4.258963340771437
2010-12-06,2.958,2010-12,220.472,4.393422656845313
2010-12-13,2.98,2010-12,220.472,4.426098552197104
2010-12-20,2.982,2010-12,220.472,4.429069088138176
2010-12-27,3.052,2010-12,220.472,4.5330378460756915
2011-01-03,3.07,2011-01,221.187,4.5450329359320385
2011-01-10,3.089,2011-01,221.187,4.573161804265169
2011-01-17,3.104,2011-01,221.187,4.595368805580798
2011-01-24,3.11,2011-01,221.187,4.604251606107049
2011-01-31,3.101,2011-01,221.187,4.590927405317672
2011-02-07,3.132,2011-02,221.898,4.621964686477571
2011-02-14,3.14,2011-02,221.898,4.63377047111736
2011-02-21,3.189,2011-02,221.898,4.706080902036071
2011-02-28,3.383,2011-02,221.898,4.992371179550965
2011-03-07,3.52,2011-03,223.046,5.167809330810685
2011-03-14,3.567,2011-03,223.046,5.236811330398214
2011-03-21,3.562,2011-03,223.046,5.229470692144221
2011-03-28,3.596,2011-03,223.046,5.27938703227137
2011-04-04,3.684,2011-04,224.093,5.3833124640216345
2011-04-11,3.791,2011-04,224.093,5.539668173481545
2011-04-18,3.844,2011-04,224.093,5.617115394055147
2011-04-25,3.879,2011-04,224.093,5.668259784999978
2011-05-02,3.963,2011-05,224.806,5.772639431331903
2011-05-09,3.965,2011-05,224.806,5.775552698771384
2011-05-16,3.96,2011-05,224.806,5.768269530172681
2011-05-23,3.849,2011-05,224.806,5.606583187281478
2011-05-30,3.794,2011-05,224.806,5.526468332695746
2011-06-06,3.781,2011-06,224.806,5.507532094339118
2011-06-13,3.713,2011-06,224.806,5.408481001396759
2011-06-20,3.652,2011-06,224.806,5.319626344492584
2011-06-27,3.574,2011-06,224.806,5.206008914352819
2011-07-04,3.579,2011-07,225.395,5.199668759289247
2011-07-11,3.641,2011-07,225.395,5.289744049335611
2011-07-18,3.682,2011-07,225.395,5.349309966946915
2011-07-25,3.699,2011-07,225.395,5.374008030346724
2011-08-01,3.711,2011-08,226.106,5.3744883373285095
2011-08-08,3.674,2011-08,226.106,5.3209027624211656
2011-08-15,3.604,2011-08,226.106,5.219524647731595
2011-08-22,3.581,2011-08,226.106,5.186214695762165
2011-08-29,3.627,2011-08,226.106,5.252834599701025
2011-09-05,3.674,2011-09,226.597,5.309373204411355
2011-09-12,3.661,2011-09,226.597,5.29058663618671
2011-09-19,3.601,2011-09,226.597,5.203879398226808
2011-09-26,3.509,2011-09,226.597,5.070928300021624
2011-10-03,3.433,2011-10,226.75,4.957751620727673
2011-10-10,3.417,2011-10,226.75,4.934645292171995
2011-10-17,3.476,2011-10,226.75,5.019849878721058
2011-10-24,3.462,2011-10,226.75,4.99963184123484
2011-10-31,3.452,2011-10,226.75,4.985190385887541
2011-11-07,3.424,2011-11,227.169,4.935633999357306
2011-11-14,3.436,2011-11,227.169,4.952931782065334
2011-11-21,3.368,2011-11,227.169,4.854911013386509
2011-11-28,3.307,2011-11,227.169,4.766980617954034
2011-12-05,3.29,2011-12,227.223,4.741348367022704
2011-12-12,3.286,2011-12,227.223,4.73558380973757
2011-12-19,3.229,2011-12,227.223,4.653438868424411
2011-12-26,3.258,2011-12,227.223,4.695231908741632
2012-01-02,3.299,2012-01,227.842,4.741402111989887
2012-01-09,3.382,2012-01,227.842,4.860691707411275
2012-01-16,3.391,2012-01,227.842,4.8736267237822695
2012-01-23,3.389,2012-01,227.842,4.870752275699826
2012-01-30,3.439,2012-01,227.842,4.942613477760903
2012-02-06,3.482,2012-02,228.329,4.993740260764073
2012-02-13,3.523,2012-02,228.329,5.052540763547337
2012-02-20,3.591,2012-02,228.329,5.150063548651288
2012-02-27,3.721,2012-02,228.329,5.336504167232371
2012-03-05,3.793,2012-03,228.807,5.428399393375202
2012-03-12,3.829,2012-03,228.807,5.479921243668245
2012-03-19,3.867,2012-03,228.807,5.534305418977566
2012-03-26,3.918,2012-03,228.807,5.607294706892708
2012-04-02,3.941,2012-04,229.187,5.630859778259674
2012-04-09,3.939,2012-04,229.187,5.628002199077608
2012-04-16,3.922,2012-04,229.187,5.603712776030053
2012-04-23,3.87,2012-04,229.187,5.529415717296356
2012-04-30,3.83,2012-04,229.187,5.47226413365505
2012-05-07,3.79,2012-05,228.713,5.426335188642534
2012-05-14,3.754,2012-05,228.713,5.374792163103978
2012-05-21,3.715,2012-05,228.713,5.318953885437207
2012-05-28,3.67,2012-05,228.713,5.254525103514011
2012-06-04,3.613,2012-06,228.524,5.177193555162696
2012-06-11,3.572,2012-06,228.524,5.118443226969596
2012-06-18,3.533,2012-06,228.524,5.062558768444451
2012-06-25,3.437,2012-06,228.524,4.9249970243825585
2012-07-02,3.356,2012-07,228.59,4.807540837306969
2012-07-09,3.411,2012-07,228.59,4.886329498228269
2012-07-16,3.427,2012-07,228.59,4.909249835950829
2012-07-23,3.494,2012-07,228.59,5.00522875016405
2012-07-30,3.508,2012-07,228.59,5.025284045671289
2012-08-06,3.645,2012-08,229.918,5.191379970250263
2012-08-13,3.721,2012-08,229.918,5.299622735062066
2012-08-20,3.744,2012-08,229.918,5.33238041388669
2012-08-27,3.776,2012-08,229.918,5.3779563148600795
2012-09-03,3.843,2012-09,231.015,5.4473899097461205
2012-09-10,3.847,2012-09,231.015,5.453059844598835
2012-09-17,3.878,2012-09,231.015,5.497001839707378
2012-09-24,3.826,2012-09,231.015,5.423292686622081
2012-10-01,3.804,2012-10,231.638,5.377605746898177
2012-10-08,3.85,2012-10,231.638,5.442634628169817
2012-10-15,3.819,2012-10,231.638,5.3988108168780595
2012-10-22,3.687,2012-10,231.638,5.2122062010550945
2012-10-29,3.568,2012-10,231.638,5.043979312548028
2012-11-05,3.492,2012-11,231.249,4.944844388516274
2012-11-12,3.449,2012-11,231.249,4.883954265748176
2012-11-19,3.429,2012-11,231.249,4.855633278414176
2012-11-26,3.437,2012-11,231.249,4.8669616733477765
2012-12-03,3.394,2012-12,231.221,4.806653547904386
2012-12-10,3.349,2012-12,231.221,4.742923609879725
2012-12-17,3.254,2012-12,231.221,4.608382629605442
2012-12-24,3.257,2012-12,231.221,4.61263129214042
2012-12-31,3.298,2012-12,231.221,4.6706963467851095
2013-01-07,3.299,2013-01,231.679,4.662876393630842
2013-01-14,3.303,2013-01,231.679,4.668530078254826
2013-01-21,3.315,2013-01,231.679,4.685491132126779
2013-01-28,3.357,2013-01,231.679,4.744854820678611
2013-02-04,3.538,2013-02,232.937,4.973677346235248
2013-02-11,3.611,2013-02,232.937,5.076299857901493
2013-02-18,3.747,2013-02,232.937,5.267487002923537
2013-02-25,3.784,2013-02,232.937,5.319501152672181
2013-03-04,3.759,2013-03,232.282,5.299257540403475
2013-03-11,3.71,2013-03,232.282,5.230179695370283
2013-03-18,3.696,2013-03,232.282,5.210443168217942
2013-03-25,3.68,2013-03,232.282,5.187887137186696
2013-04-01,3.645,2013-04,231.797,5.149297445609736
2013-04-08,3.608,2013-04,231.797,5.097027485256496
2013-04-15,3.542,2013-04,231.797,5.003789177599364
2013-04-22,3.536,2013-04,231.797,4.995312967812353
2013-04-29,3.52,2013-04,231.797,4.972709741713654
2013-05-06,3.538,2013-05,231.893,4.996069221580642
2013-05-13,3.603,2013-05,231.893,5.087856813271638
2013-05-20,3.673,2013-05,231.893,5.186704988938863
2013-05-27,3.645,2013-05,231.893,5.147165718671973
2013-06-03,3.646,2013-06,232.445,5.136351222869926
2013-06-10,3.655,2013-06,232.445,5.149030093140313
2013-06-17,3.626,2013-06,232.445,5.108175955602401
2013-06-24,3.577,2013-06,232.445,5.039146550796962
2013-07-01,3.496,2013-07,232.9,4.915415027908974
2013-07-08,3.492,2013-07,232.9,4.909790983254616
2013-07-15,3.639,2013-07,232.9,5.116474624302275
2013-07-22,3.682,2013-07,232.9,5.176933104336625
2013-07-29,3.646,2013-07,232.9,5.126316702447403
2013-08-05,3.632,2013-08,233.456,5.09447056404633
2013-08-12,3.561,2013-08,233.456,4.994881519429785
2013-08-19,3.55,2013-08,233.456,4.9794522308272215
2013-08-26,3.552,2013-08,233.456,4.982257556027688
2013-09-02,3.608,2013-09,233.544,5.058899736238139
2013-09-09,3.587,2013-09,233.544,5.029454920700167
2013-09-16,3.547,2013-09,233.544,4.973369557770698
2013-09-23,3.495,2013-09,233.544,4.9004585859623875
2013-09-30,3.425,2013-09,233.544,4.802309200835816
2013-10-07,3.367,2013-10,233.669,4.718459958317107
2013-10-14,3.354,2013-10,233.669,4.700241966200052
2013-10-21,3.36,2013-10,233.669,4.7086502702540765
2013-10-28,3.294,2013-10,233.669,4.616158925659801
2013-11-04,3.265,2013-11,234.1,4.5670948312686885
2013-11-11,3.194,2013-11,234.1,4.467779752242631
2013-11-18,3.219,2013-11,234.1,4.502749850491242
2013-11-25,3.293,2013-11,234.1,4.606261341307134
2013-12-02,3.272,2013-12,234.719,4.564816312271269
2013-12-09,3.269,2013-12,234.719,4.56063096724168
2013-12-16,3.239,2013-12,234.719,4.518777516945795
2013-12-23,3.271,2013-12,234.719,4.563421197261406
2013-12-30,3.331,2013-12,234.719,4.6471280978531775
2014-01-06,3.332,2014-01,235.288,4.637281629322361
2014-01-13,3.327,2014-01,235.288,4.630322923396007
2014-01-20,3.296,2014-01,235.288,4.587178946652612
2014-01-27,3.295,2014-01,235.288,4.585787205467342
2014-02-03,3.292,2014-02,235.547,4.576574186892636
2014-02-10,3.309,2014-02,235.547,4.600207771697368
2014-02-17,3.38,2014-02,235.547,4.698912743528892
2014-02-24,3.444,2014-02,235.547,4.787886239264351
2014-03-03,3.479,2014-03,236.028,4.826687257444032
2014-03-10,3.512,2014-03,236.028,4.8724707238124285
2014-03-17,3.547,2014-03,236.028,4.921028945718304
2014-03-24,3.549,2014-03,236.028,4.923803701255783
2014-03-31,3.579,2014-03,236.028,4.9654250343179624
2014-04-07,3.596,2014-04,236.468,4.979727320398531
2014-04-14,3.651,2014-04,236.468,5.055891114231101
2014-04-21,3.683,2014-04,236.468,5.100204594279141
2014-04-28,3.713,2014-04,236.468,5.141748481824179
2014-05-05,3.684,2014-05,236.918,5.091899475767987
2014-05-12,3.668,2014-05,236.918,5.069784820064326
2014-05-19,3.665,2014-05,236.918,5.06563832211989
2014-05-26,3.674,2014-05,236.918,5.078077815953199
2014-06-02,3.69,2014-06,237.231,5.093463333206874
2014-06-09,3.674,2014-06,237.231,5.0713778553393105
2014-06-16,3.686,2014-06,237.231,5.087941963739984
2014-06-23,3.704,2014-06,237.231,5.112788126340993
2014-06-30,3.704,2014-06,237.231,5.112788126340993
2014-07-07,3.678,2014-07,237.498,5.071191673193037
2014-07-14,3.635,2014-07,237.498,5.011903679188877
2014-07-21,3.593,2014-07,237.498,4.953994475742953
2014-07-28,3.539,2014-07,237.498,4.879539785598195
2014-08-04,3.515,2014-08,237.46,4.847224374631517
2014-08-11,3.505,2014-08,237.46,4.83343426261265
2014-08-18,3.472,2014-08,237.46,4.7879268929503915
2014-08-25,3.454,2014-08,237.46,4.763104691316432
2014-09-01,3.459,2014-09,237.477,4.7696582826968505
2014-09-08,3.457,2014-09,237.477,4.766900457728537
2014-09-15,3.408,2014-09,237.477,4.699333746004876
2014-09-22,3.353,2014-09,237.477,4.623493559376276
2014-09-29,3.354,2014-09,237.477,4.624872471860432
2014-10-06,3.299,2014-10,237.43,4.549932780187845
2014-10-13,3.207,2014-10,237.43,4.423047719327801
2014-10-20,3.12,2014-10,237.43,4.303058585688413
2014-10-27,3.056,2014-10,237.43,4.2147907172640355
2014-11-03,2.993,2014-11,236.983,4.135688129528278
2014-11-10,2.941,2014-11,236.983,4.063835211808441
2014-11-17,2.894,2014-11,236.983,3.9988912284847435
2014-11-24,2.821,2014-11,236.983,3.8980207863011267
2014-12-01,2.778,2014-12,236.252,3.850481181111694
2014-12-08,2.679,2014-12,236.252,3.7132610094306076
2014-12-15,2.554,2014-12,236.252,3.5400032169039832
2014-12-22,2.403,2014-12,236.252,3.330707803531822
2014-12-29,2.299,2014-12,236.252,3.1865573201496704
2015-01-05,2.214,2015-01,234.747,3.088416209791818
2015-01-12,2.139,2015-01,234.747,2.9837950644736666
2015-01-19,2.066,2015-01,234.747,2.881963816364
2015-01-26,2.044,2015-01,234.747,2.8512749470706757
2015-02-02,2.068,2015-02,235.342,2.8774603768133185
2015-02-09,2.191,2015-02,235.342,3.04860526382881
2015-02-16,2.274,2015-02,235.342,3.1640932770181265
2015-02-23,2.332,2015-02,235.342,3.244795744066082
2015-03-02,2.473,2015-03,235.976,3.4317412787741124
2015-03-09,2.487,2015-03,235.976,3.451168847679425
2015-03-16,2.453,2015-03,235.976,3.40398760890938
2015-03-23,2.457,2015-03,235.976,3.4095383428823265
2015-03-30,2.448,2015-03,235.976,3.3970491914431973
2015-04-06,2.413,2015-04,236.222,3.3449931843774072
2015-04-13,2.408,2015-04,236.222,3.338061992532448
2015-04-20,2.485,2015-04,236.222,3.444802346944823
2015-04-27,2.57,2015-04,236.222,3.5626326083091326
2015-05-04,2.664,2015-05,237.001,3.6808006717271233
2015-05-11,2.691,2015-05,237.001,3.7181060839405737
2015-05-18,2.744,2015-05,237.001,3.791335226433644
2015-05-25,2.774,2015-05,237.001,3.832785684448589
2015-06-01,2.78,2015-06,237.657,3.830473329209743
2015-06-08,2.78,2015-06,237.657,3.830473329209743
2015-06-15,2.835,2015-06,237.657,3.9062560749315187
2015-06-22,2.812,2015-06,237.657,3.8745651085387762
2015-06-29,2.801,2015-06,237.657,3.8594085593944216
2015-07-06,2.793,2015-07,238.034,3.8422905131199743
2015-07-13,2.834,2015-07,238.034,3.898693632002151
2015-07-20,2.802,2015-07,238.034,3.854671685557525
2015-07-27,2.745,2015-07,238.034,3.7762575934530362
2015-08-03,2.689,2015-08,238.033,3.6992347279578883
2015-08-10,2.629,2015-08,238.033,3.616693231610743
2015-08-17,2.716,2015-08,238.033,3.736378401314104
2015-08-24,2.637,2015-08,238.033,3.6276987644570293
2015-08-31,2.51,2015-08,238.033,3.4529859305222383
2015-09-07,2.437,2015-09,237.498,3.3601125904218136
2015-09-14,2.375,2015-09,237.498,3.2746275758111647
2015-09-21,2.327,2015-09,237.498,3.208445629015823
2015-09-28,2.322,2015-09,237.498,3.201551676224642
2015-10-05,2.318,2015-10,237.733,3.1928772194015975
2015-10-12,2.337,2015-10,237.733,3.2190483441507913
2015-10-19,2.277,2015-10,237.733,3.1364026870480752
2015-10-26,2.228,2015-10,237.733,3.0689087337475236
2015-11-02,2.224,2015-11,238.017,3.059743799812619
2015-11-09,2.235,2015-11,238.017,3.0748774247217634
2015-11-16,2.178,2015-11,238.017,2.9964577320107386
2015-11-23,2.094,2015-11,238.017,2.8808918690681757
2015-11-30,2.059,2015-11,238.017,2.8327394261754413
2015-12-07,2.053,2015-12,237.761,2.827525876825888
2015-12-14,2.037,2015-12,237.761,2.8054896303430756
2015-12-21,2.026,2015-12,237.761,2.790339710886142
2015-12-28,2.034,2015-12,237.761,2.801357834127548
2016-01-04,2.028,2016-01,237.652,2.7943753050679145
2016-01-11,1.996,2016-01,237.652,2.750282598084594
2016-01-18,1.914,2016-01,237.652,2.6372950364398364
2016-01-25,1.856,2016-01,237.652,2.557377005032569
2016-02-01,1.822,2016-02,237.336,2.5138711362793678
2016-02-08,1.759,2016-02,237.336,2.4269480399096635
2016-02-15,1.724,2016-02,237.336,2.378657430815384
2016-02-22,1.73,2016-02,237.336,2.386935820945832
2016-02-29,1.783,2016-02,237.336,2.4600616004314557
2016-03-07,1.841,2016-03,238.08,2.5321482694892468
2016-03-14,1.961,2016-03,238.08,2.6971986727150536
2016-03-21,2.007,2016-03,238.08,2.760467993951613
2016-03-28,2.066,2016-03,238.08,2.841617775537634
2016-04-04,2.083,2016-04,238.992,2.8540669980585127
2016-04-11,2.069,2016-04,238.992,2.8348845986476534
2016-04-18,2.137,2016-04,238.992,2.928056252928968
2016-04-25,2.162,2016-04,238.992,2.9623105375912164
2016-05-02,2.24,2016-05,239.557,3.0619451737999728
2016-05-09,2.22,2016-05,239.557,3.0346063776053303
2016-05-16,2.242,2016-05,239.557,3.064679053419437
2016-05-23,2.3,2016-05,239.557,3.1439615623839
2016-05-30,2.339,2016-05,239.557,3.1972722149634536
2016-06-06,2.381,2016-06,240.222,3.2456738350359244
2016-06-13,2.399,2016-06,240.222,3.270210638492727
2016-06-20,2.353,2016-06,240.222,3.207505474103121
2016-06-27,2.329,2016-06,240.222,3.174789736160718
2016-07-04,2.291,2016-07,240.101,3.124563662791908
2016-07-11,2.253,2016-07,240.101,3.072737639576678
2016-07-18,2.23,2016-07,240.101,3.0413692571043014
2016-07-25,2.182,2016-07,240.101,2.9759048067271685
2016-08-01,2.159,2016-08,240.545,2.9391013739632914
2016-08-08,2.15,2016-08,240.545,2.9268494460495953
2016-08-15,2.149,2016-08,240.545,2.9254881207258516
2016-08-22,2.193,2016-08,240.545,2.9853864349705876
2016-08-29,2.237,2016-08,240.545,3.0452847492153237
2016-09-05,2.223,2016-09,241.176,3.018308538163001
2016-09-12,2.202,2016-09,241.176,2.9897955020400038
2016-09-19,2.225,2016-09,241.176,3.0210240654128104
2016-09-26,2.224,2016-09,241.176,3.019666301787906
2016-10-03,2.245,2016-10,241.741,3.04105509615663
2016-10-10,2.272,2016-10,241.741,3.0776290327251057
2016-10-17,2.257,2016-10,241.741,3.057310179075953
2016-10-24,2.243,2016-10,241.741,3.038345915670076
2016-10-31,2.23,2016-10,241.741,3.020736242507476
2016-11-07,2.233,2016-11,242.026,3.0212381314404237
2016-11-14,2.184,2016-11,242.026,2.9549413699354616
2016-11-21,2.155,2016-11,242.026,2.9157045110855857
2016-11-28,2.154,2016-11,242.026,2.9143515159528315
2016-12-05,2.208,2016-12,242.637,2.979890453640624
2016-12-12,2.236,2016-12,242.637,3.0176789195382403
2016-12-19,2.264,2016-12,242.637,3.0554673854358567
2016-12-26,2.309,2016-12,242.637,3.116198848485598
2017-01-02,2.377,2017-01,243.618,3.195052992800203
2017-01-09,2.388,2017-01,243.618,3.209838681870797
2017-01-16,2.358,2017-01,243.618,3.169514075314632
2017-01-23,2.326,2017-01,243.618,3.1265011616547214
2017-01-30,2.296,2017-01,243.618,3.086176555098555
2017-02-06,2.293,2017-02,244.006,3.077243100579494
2017-02-13,2.307,2017-02,244.006,3.0960313270985136
2017-02-20,2.302,2017-02,244.006,3.089321246198864
2017-02-27,2.314,2017-02,244.006,3.1054254403580237
2017-03-06,2.341,2017-03,243.892,3.143128351893461
2017-03-13,2.323,2017-03,243.892,3.118960769520935
2017-03-20,2.321,2017-03,243.892,3.116275482590655
2017-03-27,2.315,2017-03,243.892,3.1082196217998126
2017-04-03,2.36,2017-04,244.193,3.164732813798921
2017-04-10,2.424,2017-04,244.193,3.2505560765460104
2017-04-17,2.436,2017-04,244.193,3.2666479383110896
2017-04-24,2.449,2017-04,244.193,3.284080788556592
2017-05-01,2.411,2017-05,244.004,3.235627530696218
2017-05-08,2.372,2017-05,244.004,3.1832884706808082
2017-05-15,2.369,2017-05,244.004,3.1792623891411615
2017-05-22,2.399,2017-05,244.004,3.2195232045376305
2017-05-29,2.406,2017-05,244.004,3.2289173947968064
2017-06-05,2.414,2017-06,244.163,3.2375439358133704
2017-06-12,2.366,2017-06,244.163,3.1731685800059797
2017-06-19,2.318,2017-06,244.163,3.1087932241985885
2017-06-26,2.288,2017-06,244.163,3.068558626818969
2017-07-03,2.26,2017-07,244.243,3.030013552077234
2017-07-10,2.297,2017-07,244.243,3.079619968637791
2017-07-17,2.278,2017-07,244.243,3.0541464033769645
2017-07-24,2.312,2017-07,244.243,3.0997306780542324
2017-07-31,2.352,2017-07,244.243,3.153359236498077
2017-08-07,2.378,2017-08,245.183,3.175994583637528
2017-08-14,2.384,2017-08,245.183,3.184008026657639
2017-08-21,2.36,2017-08,245.183,3.151954254577193
2017-08-28,2.399,2017-08,245.183,3.2040416342079183
2017-09-04,2.679,2017-09,246.435,3.5598244567533013
2017-09-11,2.685,2017-09,246.435,3.5677971878994454
2017-09-18,2.634,2017-09,246.435,3.5000289731572214
2017-09-25,2.583,2017-09,246.435,3.432260758414998
2017-10-02,2.565,2017-10,246.626,3.4057029672459507
2017-10-09,2.504,2017-10,246.626,3.324709641319244
2017-10-16,2.489,2017-10,246.626,3.3047932496979224
2017-10-23,2.479,2017-10,246.626,3.2915156552837086
2017-10-30,2.488,2017-10,246.626,3.3034654902565013
2017-11-06,2.561,2017-11,247.284,3.391343799032691
2017-11-13,2.592,2017-11,247.284,3.432394817295094
2017-11-20,2.568,2017-11,247.284,3.400613383801621
2017-11-27,2.533,2017-11,247.284,3.354265459956973
2017-12-04,2.5,2017-12,247.805,3.3036056576743804
2017-12-11,2.485,2017-12,247.805,3.2837840237283342
2017-12-18,2.45,2017-12,247.805,3.2375335445208933
2017-12-25,2.472,2017-12,247.805,3.2666052743084273
2018-01-01,2.52,2018-01,248.859,3.3159307077501716
2018-01-08,2.522,2018-01,248.859,3.3185623987880684
2018-01-15,2.557,2018-01,248.859,3.3646169919512654
2018-01-22,2.567,2018-01,248.859,3.3777754471407504
2018-01-29,2.607,2018-01,248.859,3.4304092678986895
2018-02-05,2.637,2018-02,249.529,3.4605677897158245
2018-02-12,2.607,2018-02,249.529,3.4211984178191717
2018-02-19,2.557,2018-02,249.529,3.3555827979914157
2018-02-26,2.548,2018-02,249.529,3.3437719864224196
2018-03-05,2.56,2018-03,249.577,3.3588736141551507
2018-03-12,2.559,2018-03,249.577,3.3575615541496213
2018-03-19,2.598,2018-03,249.577,3.408731894365266
2018-03-26,2.648,2018-03,249.577,3.474334894641734
2018-04-02,2.7,2018-04,250.227,3.5333597093838796
2018-04-09,2.694,2018-04,250.227,3.5255077989185817
2018-04-16,2.747,2018-04,250.227,3.5948663413620427
2018-04-23,2.798,2018-04,250.227,3.661607580317072
2018-04-30,2.846,2018-04,250.227,3.724422864039452
2018-05-07,2.845,2018-05,250.792,3.7147265463013173
2018-05-14,2.873,2018-05,250.792,3.7512862451752844
2018-05-21,2.923,2018-05,250.792,3.81657142173594
2018-05-28,2.962,2018-05,250.792,3.8674938594532517
2018-06-04,2.94,2018-06,251.018,3.8353122086862297
2018-06-11,2.911,2018-06,251.018,3.7974808977842227
2018-06-18,2.879,2018-06,251.018,3.755736002995801
2018-06-25,2.833,2018-06,251.018,3.695727716737445
2018-07-02,2.844,2018-07,251.214,3.707182879935035
2018-07-09,2.857,2018-07,251.214,3.7241285119459904
2018-07-16,2.865,2018-07,251.214,3.734556593183501
2018-07-23,2.831,2018-07,251.214,3.6902372479240806
2018-07-30,2.846,2018-07,251.214,3.709789900244413
2018-08-06,2.852,2018-08,251.663,3.710978252663283
2018-08-13,2.843,2018-08,251.663,3.6992675919781606
2018-08-20,2.821,2018-08,251.663,3.670641532525639
2018-08-27,2.827,2018-08,251.663,3.678448639649054
2018-09-03,2.824,2018-09,252.182,3.6669827346916115
2018-09-10,2.833,2018-09,252.182,3.67866929439849
2018-09-17,2.841,2018-09,252.182,3.689057347471271
2018-09-24,2.844,2018-09,252.182,3.692952867373563
2018-10-01,2.866,2018-10,252.772,3.712833541689744
2018-10-08,2.903,2018-10,252.772,3.7607661449844128
2018-10-15,2.879,2018-10,252.772,3.729674726631114
2018-10-22,2.841,2018-10,252.772,3.6804466475717246
2018-10-29,2.811,2018-10,252.772,3.6415823746301013
2018-11-05,2.753,2018-11,252.594,3.5689580116709023
2018-11-12,2.686,2018-11,252.594,3.4820999707039753
2018-11-19,2.611,2018-11,252.594,3.384870820367863
2018-11-26,2.539,2018-11,252.594,3.2915308360451947
2018-12-03,2.451,2018-12,252.767,3.175273908382028
2018-12-10,2.421,2018-12,252.767,3.1364088666637655
2018-12-17,2.369,2018-12,252.767,3.0690427943521112
2018-12-24,2.321,2018-12,252.767,3.0068587276028915
2018-12-31,2.266,2018-12,252.767,2.9356061511194103
2019-01-07,2.237,2019-01,252.561,2.900400378522416
2019-01-14,2.247,2019-01,252.561,2.9133659591148273
2019-01-21,2.251,2019-01,252.561,2.918552191351792
2019-01-28,2.256,2019-01,252.561,2.9250349816479972
2019-02-04,2.254,2019-02,253.319,2.9136971170737294
2019-02-11,2.276,2019-02,253.319,2.9421360419076343
2019-02-18,2.317,2019-02,253.319,2.9951358563708212
2019-02-25,2.39,2019-02,253.319,3.0895013796833246
2019-03-04,2.422,2019-03,254.277,3.119071406379657
2019-03-11,2.471,2019-03,254.277,3.1821740070867595
2019-03-18,2.548,2019-03,254.277,3.28133523676935
2019-03-25,2.623,2019-03,254.277,3.3779208500965483
2019-04-01,2.691,2019-04,255.233,3.452511469911806
2019-04-08,2.745,2019-04,255.233,3.5217926365321097
2019-04-15,2.828,2019-04,255.233,3.6282803555966505
2019-04-22,2.841,2019-04,255.233,3.644959154968206
2019-04-29,2.887,2019-04,255.233,3.703976445052168
2019-05-06,2.897,2019-05,255.296,3.715889085610428
2019-05-13,2.866,2019-05,255.296,3.6761263787916767
2019-05-20,2.852,2019-05,255.296,3.6581690273251435
2019-05-27,2.822,2019-05,255.296,3.6196889884682877
2019-06-03,2.807,2019-06,255.213,3.6016199018075095
2019-06-10,2.732,2019-06,255.213,3.5053885186099456
2019-06-17,2.67,2019-06,255.213,3.4258372418332916
2019-06-24,2.654,2019-06,255.213,3.4053078800844783
2019-07-01,2.713,2019-07,255.802,3.4729946599322914
2019-07-08,2.743,2019-07,255.802,3.5113985817155453
2019-07-15,2.779,2019-07,255.802,3.5574832878554505
2019-07-22,2.75,2019-07,255.802,3.5203594967983047
2019-07-29,2.715,2019-07,255.802,3.475554921384508
2019-08-05,2.688,2019-08,256.036,3.4378465528285083
2019-08-12,2.624,2019-08,256.036,3.3559930634754482
2019-08-19,2.598,2019-08,256.036,3.3227400834257677
2019-08-26,2.574,2019-08,256.036,3.2920450249183704
2019-09-02,2.563,2019-09,256.43,3.2729399056272666
2019-09-09,2.55,2019-09,256.43,3.2563389618999334
2019-09-16,2.552,2019-09,256.43,3.2588929532426003
2019-09-23,2.654,2019-09,256.43,3.3891465117185975
2019-09-30,2.642,2019-09,256.43,3.3738225636625976
2019-10-07,2.645,2019-10,257.155,3.368130893818903
2019-10-14,2.629,2019-10,257.155,3.3477565670510003
2019-10-21,2.638,2019-10,257.155,3.3592171258579455
2019-10-28,2.596,2019-10,257.155,3.3057345180922013
2019-11-04,2.605,2019-11,257.879,3.3078819911663992
2019-11-11,2.615,2019-11,257.879,3.3205801945873836
2019-11-18,2.592,2019-11,257.879,3.2913743267191196
2019-11-25,2.579,2019-11,257.879,3.2748666622718403
2019-12-02,2.575,2019-12,258.63,3.260292696129606
2019-12-09,2.561,2019-12,258.63,3.2425668329273476
2019-12-16,2.536,2019-12,258.63,3.2109135057804585
2019-12-23,2.532,2019-12,258.63,3.205848973436956
2019-12-30,2.571,2019-12,258.63,3.2552281637861036
2020-01-06,2.578,2020-01,259.127,3.257830639030282
2020-01-13,2.57,2020-01,259.127,3.2477210016709948
2020-01-20,2.537,2020-01,259.127,3.2060187475639355
2020-01-27,2.506,2020-01,259.127,3.1668439027966975
2020-02-03,2.455,2020-02,259.25,3.1009230472516873
2020-02-10,2.419,2020-02,259.25,3.055451263259402
2020-02-17,2.428,2020-02,259.25,3.0668192092574733
2020-02-24,2.466,2020-02,259.25,3.1148172034715524
2020-03-02,2.423,2020-03,258.076,3.0744260605403055
2020-03-09,2.375,2020-03,258.076,3.0135212108061187
2020-03-16,2.248,2020-03,258.076,2.8523771292177496
2020-03-23,2.12,2020-03,258.076,2.6899641965932513
2020-03-30,2.005,2020-03,258.076,2.5440463274384286
2020-04-06,1.924,2020-04,256.032,2.4607589676290464
2020-04-13,1.853,2020-04,256.032,2.369951334208224
2020-04-20,1.812,2020-04,256.032,2.3175131233595803
2020-04-27,1.773,2020-04,256.032,2.267632874015748
2020-05-04,1.789,2020-05,255.802,2.2901538690080607
2020-05-11,1.851,2020-05,255.802,2.369521974026786
2020-05-18,1.878,2020-05,255.802,2.404085503631715
2020-05-25,1.96,2020-05,255.802,2.50905622317261
2020-06-01,1.974,2020-06,257.042,2.5147876222562853
2020-06-08,2.036,2020-06,257.042,2.59377284646089
2020-06-15,2.098,2020-06,257.042,2.6727580706654943
2020-06-22,2.129,2020-06,257.042,2.712250682767797
2020-06-29,2.174,2020-06,257.042,2.7695786680775907
2020-07-06,2.177,2020-07,258.352,2.7593377252740448
2020-07-13,2.195,2020-07,258.352,2.782152644454078
2020-07-20,2.186,2020-07,258.352,2.770745184864061
2020-07-27,2.175,2020-07,258.352,2.7568027342540407
2020-08-03,2.176,2020-08,259.316,2.7478171805827643
2020-08-10,2.166,2020-08,259.316,2.735189344274939
2020-08-17,2.166,2020-08,259.316,2.735189344274939
2020-08-24,2.182,2020-08,259.316,2.755393882367459
2020-08-31,2.222,2020-08,259.316,2.80590522759876
2020-09-07,2.211,2020-09,259.997,2.7847015927106846
2020-09-14,2.183,2020-09,259.997,2.749436262726108
2020-09-21,2.168,2020-09,259.997,2.7305441216629425
2020-09-28,2.169,2020-09,259.997,2.73180359773382
2020-10-05,2.172,2020-10,260.319,2.7321982644370943
2020-10-12,2.167,2020-10,260.319,2.7259086735889424
2020-10-19,2.15,2020-10,260.319,2.7045240647052267
2020-10-26,2.143,2020-10,260.319,2.6957186375178144
2020-11-02,2.112,2020-11,260.911,2.650695141255064
2020-11-09,2.096,2020-11,260.911,2.6306141174576774
2020-11-16,2.111,2020-11,260.911,2.6494400772677276
2020-11-23,2.102,2020-11,260.911,2.638144501381697
2020-11-30,2.12,2020-11,260.911,2.6607356531537576
2020-12-07,2.156,2020-12,262.045,2.6942080940296513
2020-12-14,2.158,2020-12,262.045,2.6967073594229998
2020-12-21,2.224,2020-12,262.045,2.7791831174034995
2020-12-28,2.243,2020-12,262.045,2.8029261386403097
2021-01-04,2.249,2021-01,262.687,2.8035553339145065
2021-01-11,2.317,2021-01,262.687,2.888322680604674
2021-01-18,2.379,2021-01,262.687,2.9656105555280616
2021-01-25,2.392,2021-01,262.687,2.9818160776894174
2021-02-01,2.409,2021-02,263.579,2.992845181141137
2021-02-08,2.461,2021-02,263.579,3.0574478998706263
2021-02-15,2.501,2021-02,263.579,3.10714229889331
2021-02-22,2.633,2021-02,263.579,3.271133815668167
2021-03-01,2.711,2021-03,264.961,3.350470673042447
2021-03-08,2.771,2021-03,264.961,3.424623472888462
2021-03-15,2.853,2021-03,264.961,3.5259656326780164
2021-03-22,2.865,2021-03,264.961,3.5407961926472193
2021-03-29,2.852,2021-03,264.961,3.5247297526805825
2021-04-05,2.857,2021-04,266.614,3.509017605977181
2021-04-12,2.849,2021-04,266.614,3.4991918653934153
2021-04-19,2.855,2021-04,266.614,3.506561170831239
2021-04-26,2.872,2021-04,266.614,3.5274408695717403
2021-05-03,2.89,2021-05,268.383,3.526152550645906
2021-05-10,2.961,2021-05,268.383,3.6127812119247493
2021-05-17,3.028,2021-05,268.383,3.694529385244222
2021-05-24,3.02,2021-05,268.383,3.6847684093254793
2021-05-31,3.027,2021-05,268.383,3.6933092632543794
2021-06-07,3.035,2021-06,270.654,3.671998566435375
2021-06-14,3.069,2021-06,270.654,3.7131346294531022
2021-06-21,3.06,2021-06,270.654,3.7022456715954686
2021-06-28,3.091,2021-06,270.654,3.7397520819939847
2021-07-05,3.122,2021-07,271.903,3.759907467001099
2021-07-12,3.133,2021-07,271.903,3.773155058973236
2021-07-19,3.153,2021-07,271.903,3.797241589831667
2021-07-26,3.136,2021-07,271.903,3.776768038602001
2021-08-02,3.159,2021-08,272.676,3.79368239228975
2021-08-09,3.172,2021-08,272.676,3.809294253986416
2021-08-16,3.174,2021-08,272.676,3.811696078862826
2021-08-23,3.145,2021-08,272.676,3.7768696181548793
2021-08-30,3.139,2021-08,272.676,3.769664143525649
2021-09-06,3.176,2021-09,273.91,3.7969148990544337
2021-09-13,3.165,2021-09,273.91,3.7837643751597234
2021-09-20,3.184,2021-09,273.91,3.8064789164324044
2021-09-27,3.175,2021-09,273.91,3.7957193968821867
2021-10-04,3.19,2021-10,276.55,3.777246067618875
2021-10-11,3.267,2021-10,276.55,3.8684209726993304
2021-10-18,3.322,2021-10,276.55,3.9335459048996557
2021-10-25,3.383,2021-10,276.55,4.005775375158199
2021-11-01,3.39,2021-11,278.919,3.979970529078335
2021-11-08,3.41,2021-11,278.919,4.003451181167293
2021-11-15,3.399,2021-11,278.919,3.990536822518366
2021-11-22,3.395,2021-11,278.919,3.9858406921005742
2021-11-29,3.38,2021-11,278.919,3.9682302030338557
2021-12-06,3.341,2021-12,280.845,3.895543306806245
2021-12-13,3.315,2021-12,280.845,3.865227794691021
2021-12-20,3.295,2021-12,280.845,3.841908169987003
2021-12-27,3.275,2021-12,280.845,3.8185885452829846
2022-01-03,3.281,2022-01,282.543,3.8025937998817883
2022-01-10,3.295,2022-01,282.543,3.8188194363335843
2022-01-17,3.306,2022-01,282.543,3.8315681506885677
2022-01-24,3.323,2022-01,282.543,3.851270709237178
2022-01-31,3.368,2022-01,282.543,3.9034245406893815
2022-02-07,3.444,2022-02,284.5,3.964050052724077
2022-02-14,3.487,2022-02,284.5,4.013543128295255
2022-02-21,3.53,2022-02,284.5,4.063036203866432
2022-02-28,3.608,2022-02,284.5,4.152814340949033
2022-03-07,4.102,2022-03,287.674,4.6693163789567365
2022-03-14,4.315,2022-03,287.674,4.911774786737767
2022-03-21,4.239,2022-03,287.674,4.82526380555768
2022-03-28,4.231,2022-03,287.674,4.8161573864860925
2022-04-04,4.17,2022-04,288.561,4.732130121534095
2022-04-11,4.091,2022-04,288.561,4.642480654003833
2022-04-18,4.066,2022-04,288.561,4.614110569342357
2022-04-25,4.107,2022-04,288.561,4.660637508187178
2022-05-02,4.182,2022-05,291.298,4.7011573028307785
2022-05-09,4.328,2022-05,291.298,4.865281876291633
2022-05-16,4.491,2022-05,291.298,5.04851684529245
2022-05-23,4.593,2022-05,291.298,5.163179218532225
2022-05-30,4.624,2022-05,291.298,5.198027586869803
2022-06-06,4.876,2022-06,294.957,5.413314347515062
2022-06-13,5.006,2022-06,294.957,5.5576397915628375
2022-06-20,4.962,2022-06,294.957,5.508791179731282
2022-06-27,4.872,2022-06,294.957,5.408873564621283
2022-07-04,4.771,2022-07,294.913,5.2975340524154575
2022-07-11,4.646,2022-07,294.913,5.158738882314445
2022-07-18,4.49,2022-07,294.913,4.985522510028381
2022-07-25,4.33,2022-07,294.913,4.807864692299084
2022-08-01,4.192,2022-08,295.097,4.651732548958479
2022-08-08,4.038,2022-08,295.097,4.4808435192496034
2022-08-15,3.938,2022-08,295.097,4.369876616841243
2022-08-22,3.88,2022-08,295.097,4.305515813444393
2022-08-29,3.827,2022-08,295.097,4.246703355167962
2022-09-05,3.746,2022-09,296.349,4.139258644368633
2022-09-12,3.69,2022-09,296.349,4.077379711083891
2022-09-19,3.654,2022-09,296.349,4.037600396829414
2022-09-26,3.711,2022-09,296.349,4.100584311065669
2022-10-03,3.782,2022-10,298.007,4.155787347277077
2022-10-10,3.912,2022-10,298.007,4.298635669631921
2022-10-17,3.871,2022-10,298.007,4.2535835064277006
2022-10-24,3.769,2022-10,298.007,4.1415025150415925
2022-10-31,3.742,2022-10,298.007,4.1118340173217405
2022-11-07,3.796,2022-11,298.786,4.160295863929367
2022-11-14,3.762,2022-11,298.786,4.12303293996372
2022-11-21,3.648,2022-11,298.786,3.9980925478436067
2022-11-28,3.534,2022-11,298.786,3.873152155723494
2022-12-05,3.39,2022-12,298.832,3.714760802056005
2022-12-12,3.239,2022-12,298.832,3.549295055415752
2022-12-19,3.12,2022-12,298.832,3.4188948974674735
2022-12-26,3.091,2022-12,298.832,3.387116707715372
2023-01-02,3.223,2023-01,300.42,3.513093602290127
2023-01-09,3.259,2023-01,300.42,3.5523338659210437
2023-01-16,3.31,2023-01,300.42,3.607924239398176
2023-01-23,3.415,2023-01,300.42,3.722375008321683
2023-01-30,3.489,2023-01,300.42,3.803035550229678
2023-02-06,3.444,2023-02,301.45,3.7411585337535245
2023-02-13,3.39,2023-02,301.45,3.6824992536075634
2023-02-20,3.379,2023-02,301.45,3.6705501409852377
2023-02-27,3.342,2023-02,301.45,3.630357671255598
2023-03-06,3.389,2023-03,301.821,3.6768877579757535
2023-03-13,3.456,2023-03,301.821,3.7495792539286525
2023-03-20,3.422,2023-03,301.821,3.7126910321018087
2023-03-27,3.421,2023-03,301.821,3.711606084401019
2023-04-03,3.497,2023-04,302.845,3.7812333702058805
2023-04-10,3.596,2023-04,302.845,3.888280011226865
2023-04-17,3.663,2023-04,302.845,3.9607257177764197
2023-04-24,3.656,2023-04,302.845,3.953156763360795
2023-05-01,3.6,2023-05,303.334,3.8863299201540213
2023-05-08,3.533,2023-05,303.334,3.814001002195599
2023-05-15,3.536,2023-05,303.334,3.8172396104623942
2023-05-22,3.534,2023-05,303.334,3.8150805382845303
2023-05-29,3.571,2023-05,303.334,3.8550233735750026
2023-06-05,3.541,2023-06,304.014,3.8140870486227607
2023-06-12,3.595,2023-06,304.014,3.872251606833896
2023-06-19,3.577,2023-06,304.014,3.8528634207635175
2023-06-26,3.571,2023-06,304.014,3.8464006920733915
2023-07-03,3.527,2023-07,304.609,3.791586656993063
2023-07-10,3.546,2023-07,304.609,3.812011989140176
2023-07-17,3.559,2023-07,304.609,3.825987216398728
2023-07-24,3.596,2023-07,304.609,3.865762863211527
2023-07-31,3.757,2023-07,304.609,4.038840677721276
2023-08-07,3.828,2023-08,306.082,4.09536294195673
2023-08-14,3.85,2023-08,306.082,4.118899510588665
2023-08-21,3.868,2023-08,306.082,4.138156703105703
2023-08-28,3.813,2023-08,306.082,4.079315281525866
2023-09-04,3.807,2023-09,307.276,4.057069930616123
2023-09-11,3.822,2023-09,307.276,4.073055233731238
2023-09-18,3.878,2023-09,307.276,4.1327336986943335
2023-09-25,3.837,2023-09,307.276,4.089040536846353
2023-10-02,3.798,2023-10,307.696,4.041954006551921
2023-10-09,3.684,2023-10,307.696,3.9206315324216106
2023-10-16,3.576,2023-10,307.696,3.8056944516665796
2023-10-23,3.533,2023-10,307.696,3.75993246581041
2023-10-30,3.473,2023-10,307.696,3.696078532057615
2023-11-06,3.396,2023-11,308.148,3.608831340784298
2023-11-13,3.349,2023-11,308.148,3.5588857951374013
2023-11-20,3.289,2023-11,308.148,3.4951255240988095
2023-11-27,3.238,2023-11,308.148,3.440929293716006
2023-12-04,3.231,2023-12,308.741,3.4268958771267823
2023-12-11,3.136,2023-12,308.741,3.326136016920331
2023-12-18,3.053,2023-12,308.741,3.2381037180031154
2023-12-25,3.116,2023-12,308.741,3.3049234147716042
2024-01-01,3.089,2024-01,309.698,3.2661623258787595
2024-01-08,3.073,2024-01,309.698,3.2492446835304074
2024-01-15,3.058,2024-01,309.698,3.233384393828827
2024-01-22,3.062,2024-01,309.698,3.237613804415915
2024-01-29,3.095,2024-01,309.698,3.2725064417593916
2024-02-05,3.136,2024-02,310.967,3.302326484803854
2024-02-12,3.192,2024-02,310.967,3.3612966006039224
2024-02-19,3.269,2024-02,310.967,3.442380509829017
2024-02-26,3.249,2024-02,310.967,3.4213197541861353
2024-03-04,3.35,2024-03,312.345,3.5121132081512427
2024-03-11,3.376,2024-03,312.345,3.539371400214506
2024-03-18,3.453,2024-03,312.345,3.620097584401863
2024-03-25,3.523,2024-03,312.345,3.6934850245721873
2024-04-01,3.517,2024-04,313.023,3.679208300987467
2024-04-08,3.591,2024-04,313.023,3.7566212706414546
2024-04-15,3.628,2024-04,313.023,3.7953277554684477
2024-04-22,3.668,2024-04,313.023,3.8371726039300627
2024-04-29,3.653,2024-04,313.023,3.821480785756957
2024-05-06,3.643,2024-05,313.175,3.8091698890396732
2024-05-13,3.608,2024-05,313.175,3.772573417418376
2024-05-20,3.584,2024-05,313.175,3.747478694020914
2024-05-27,3.577,2024-05,313.175,3.7401593996966547
2024-06-03,3.516,2024-06,313.044,3.6779154368076052
2024-06-10,3.429,2024-06,313.044,3.5869089968183383
2024-06-17,3.435,2024-06,313.044,3.593185303024495
2024-06-24,3.438,2024-06,313.044,3.5963234561275734
2024-07-01,3.479,2024-07,313.569,3.6331185161798514
2024-07-08,3.489,2024-07,313.569,3.6435615127770915
2024-07-15,3.496,2024-07,313.569,3.6508716103951597
2024-07-22,3.471,2024-07,313.569,3.6247641189020596
2024-07-29,3.484,2024-07,313.569,3.6383400144784717
2024-08-05,3.448,2024-08,314.062,3.5950929434315513
2024-08-12,3.414,2024-08,314.062,3.5596424909731197
2024-08-19,3.382,2024-08,314.062,3.5262773592475365
2024-08-26,3.313,2024-08,314.062,3.4543337939642487
2024-09-02,3.289,2024-09,314.732,3.4220096463022505
2024-09-09,3.236,2024-09,314.732,3.366866286237179
2024-09-16,3.18,2024-09,314.732,3.308601603904274
2024-09-23,3.185,2024-09,314.732,3.3138038076839975
2024-09-30,3.179,2024-09,314.732,3.307561163148329
2024-10-07,3.136,2024-10,315.631,3.2535288358874768
2024-10-14,3.171,2024-10,315.631,3.289840541645149
2024-10-21,3.144,2024-10,315.631,3.2618286543463735
2024-10-28,3.097,2024-10,315.631,3.2130672209003555
2024-11-04,3.069,2024-11,316.528,3.1749947555982403
2024-11-11,3.052,2024-11,316.528,3.1574076227063634
2024-11-18,3.046,2024-11,316.528,3.1512003993327595
2024-11-25,3.044,2024-11,316.528,3.149131324874892
2024-12-02,3.034,2024-12,317.604,3.1281521643304235
2024-12-09,3.008,2024-12,317.604,3.1013453231067616
2024-12-16,3.016,2024-12,317.604,3.1095935819448113
2024-12-23,3.024,2024-12,317.604,3.1178418407828614
2024-12-30,3.006,2024-12,317.604,3.0992832583972487
2025-01-06,3.047,2025-01,318.961,3.128190029502039
2025-01-13,3.043,2025-01,318.961,3.124083445938531
2025-01-20,3.109,2025-01,318.961,3.1918420747364094
2025-01-27,3.103,2025-01,318.961,3.185682199391148
2025-02-03,3.082,2025-02,319.679,3.1570160066817023
2025-02-10,3.128,2025-02,319.679,3.2041356485724743
2025-02-17,3.148,2025-02,319.679,3.2246224493945492
2025-02-24,3.125,2025-02,319.679,3.2010626284491632
2025-03-03,3.078,2025-03,319.785,3.15187354003471
2025-03-10,3.069,2025-03,319.785,3.1426575355316846
2025-03-17,3.058,2025-03,319.785,3.131393530027987
2025-03-24,3.115,2025-03,319.785,3.1897615585471484
2025-03-31,3.162,2025-03,319.785,3.237889582062948
2025-04-07,3.243,2025-04,320.302,3.315473459422669
2025-04-14,3.168,2025-04,320.302,3.238797384967936
2025-04-21,3.141,2025-04,320.302,3.211193998164232
2025-04-28,3.133,2025-04,320.302,3.2030152168890607
2025-05-05,3.147,2025-05,320.62,3.2141370469714925
2025-05-12,3.12,2025-05,320.62,3.1865610379888967
2025-05-19,3.173,2025-05,320.62,3.2406917222880667
2025-05-26,3.16,2025-05,320.62,3.22741438462978
2025-06-02,3.127,2025-06,321.435,3.185612705523667
2025-06-09,3.108,2025-06,321.435,3.166256568201969
2025-06-16,3.139,2025-06,321.435,3.197837634358424
2025-06-23,3.213,2025-06,321.435,3.27322469550609
2025-06-30,3.164,2025-06,321.435,3.2233062360975
2025-07-07,3.125,2025-07,322.169,3.1763220545738413
2025-07-14,3.13,2025-07,322.169,3.1814041698611595
2025-07-21,3.121,2025-07,322.169,3.172256362343987
2025-07-28,3.123,2025-07,322.169,3.1742892084589145
2025-08-04,3.14,2025-08,323.291,3.1804918788336205
2025-08-11,3.118,2025-08,323.291,3.1582081777717286
2025-08-18,3.125,2025-08,323.291,3.1652984462914215
2025-08-25,3.147,2025-08,323.291,3.187582147353313
2025-09-01,3.177,2025-09,324.245,3.2085010408795815
2025-09-08,3.192,2025-09,324.245,3.223649771006492
2025-09-15,3.168,2025-09,324.245,3.1994118028034353
2025-09-22,3.173,2025-09,324.245,3.2044613795124053
2025-09-29,3.118,2025-09,324.245,3.1489160357137345
2025-10-06,3.124,2025-10,325.063,3.147036236052704
2025-10-13,3.061,2025-10,325.063,3.0835716768749446
2025-10-20,3.019,2025-10,325.063,3.0412619707564383
2025-10-27,3.035,2025-10,325.063,3.057379954039679
2025-11-03,3.019,2025-11,325.063,3.0412619707564383
2025-11-10,3.056,2025-11,325.063,3.078534807098932
2025-11-17,3.062,2025-11,325.063,3.084579050830147
2025-11-24,3.061,2025-11,325.063,3.0835716768749446
2025-12-01,2.985,2025-12,326.031,2.9980833110961838
2025-12-08,2.94,2025-12,326.031,2.952886075250513
2025-12-15,2.895,2025-12,326.031,2.907688839404842
2025-12-22,2.841,2025-12,326.031,2.8534521563900364
2025-12-29,2.811,2025-12,326.031,2.8233206658262557
2026-01-05,2.796,2026-01,326.588,2.803465405954903
2026-01-12,2.779,2026-01,326.588,2.7864200154322876
2026-01-19,2.806,2026-01,326.588,2.8134921062623244
2026-01-26,2.853,2026-01,326.588,2.8606175977072033
2026-02-02,2.867,2026-02,327.46,2.867
2026-02-09,2.902,2026-02,327.46,2.902
2026-02-16,2.924,2026-02,327.46,2.924
2026-02-23,2.937,2026-02,327.46,2.937
2026-03-02,3.015,2026-03,327.46,3.015
2026-03-09,3.502,2026-03,327.46,3.502
2026-03-16,3.72,2026-03,327.46,3.72
2026-03-23,3.961,2026-03,327.46,3.961
2026-03-30,3.99,2026-03,327.46,3.99
